{"count": 41, "results": [{"id": 1, "name": "Setuid Priv Esc", "description": "Can you find out how to open the flag? You know, it is not as simple as using the cat binary... but, maybe something else will open it for you! Open the flag.txt file to get the flag :)\r\n\r\nLogin to wargame1.spokane-ctf.com\r\n<br/>\r\nusername: priv-esc\r\n<br/>\r\npassword: shuffleshuffleshuffle\r\n", "max_attempts": 0, "value": 450, "category": "Linux", "type": "standard", "state": "visible", "requirements": null}, {"id": 3, "name": "Basic Reverse", "description": "Hackers commonly need to go from just a binary to fully understanding how the system works. When trying to 'reverse' something, common things to do are putting the file into a disassembler (turns the machine code to assembly), looking at the strings in the file and much more. Understanding how something works is the first step into hacking it :)\r\n\r\nChallenge: Get the password and login as the user to get the flag :)\r\n\r\nLogin to wargame2.spokane-ctf.com with the following creds:\r\n\r\nUsername: reverse \r\n\r\nPassword: totheleft ", "max_attempts": 0, "value": 210, "category": "Binary", "type": "standard", "state": "visible", "requirements": null}, {"id": 4, "name": "Pokemon!", "description": "Do you want to be the very best? Like no one ever was!? Well, this is your chance at glory, my friend :) In order to complete this challenge, get a pokemon to level 100 or higher with only a single battle. But, you can choose the pokemon, the starting level and who you are battling. \r\n\r\nLogin to wargame2.spokane-ctf.com \r\n\r\nusername: pokemon\r\n\r\npassword: gottacatchemall\r\n", "max_attempts": 0, "value": 1000, "category": "Binary", "type": "standard", "state": "visible", "requirements": null}, {"id": 5, "name": "ssh", "description": "What is the first step to a wargame? Logging in! Just log into the server with SSH. :)\r\n\r\nLogin to wargame2.spokane-ctf.com \r\n\r\nusername: chal1 \r\n\r\npassword: ssh ", "max_attempts": 0, "value": 70, "category": "Linux", "type": "standard", "state": "visible", "requirements": null}, {"id": 6, "name": "Moving", "description": "Just move around directories to get the flag!\r\n\r\nLogin to wargame2.spokane-ctf.com \r\n\r\nusername: moving \r\n\r\npassword: move ", "max_attempts": 0, "value": 120, "category": "Linux", "type": "standard", "state": "visible", "requirements": null}, {"id": 7, "name": "UAF", "description": "In this prestigious game, that has been played for centuries, can you break the high score? The maximum possible score is 100. See if you can beat it :)\r\n\r\nLogin to wargame2.spokane-ctf.com \r\n\r\nusername: uaf\r\n\r\npassword: uaf", "max_attempts": 0, "value": 400, "category": "Binary", "type": "standard", "state": "visible", "requirements": null}, {"id": 8, "name": "Grep", "description": "Want to find the flag? Use grep on the file! \r\n\r\nLogin to wargame2.spokane-ctf.com with the following creds: \r\n\r\nUsername: grep \r\n\r\nPassword: grep ", "max_attempts": 0, "value": 210, "category": "Linux", "type": "standard", "state": "visible", "requirements": null}, {"id": 9, "name": "Auth", "description": "This is a very, very top secret sign in service... See how you can get into the 'valid' login section to print the flag. \r\n\r\nLogin with wargame2.spokane-ctf.com \r\n\r\nusername: boverflow\r\n\r\npassword: boverflow \r\n\r\n", "max_attempts": 0, "value": 700, "category": "Binary", "type": "standard", "state": "visible", "requirements": null}, {"id": 10, "name": "Wildcard Madness", "description": "Alphabetic characters are overrated... Try to print the flag using only a single alphabetic character! \r\n\r\nTo run the challenge use the connect script: ./connect. \r\n\r\nLogin to wargame2.spokane-ctf.com \r\n\r\nusername: wildcard\r\n\r\npassword: madness", "max_attempts": 0, "value": 600, "category": "Linux", "type": "standard", "state": "visible", "requirements": null}, {"id": 11, "name": "Library ", "description": "What is more fun than a library!? This API (application programming interface) allows you to query for book information, checkin and check out books, enjoy :)\r\n\r\nGo to website2.spokane-ctf.com:80\r\n- Usage: \r\n\t- All of the request labeled in the 'valid_api_calls.txt' file with 'GET' will work within the URL bar of the browser. The others will require POSTMAN or Curl in order to make the commands. \r\n\t\t- Curl: https://curl.haxx.se/docs/\r\n\t\t- Or, man curl. \r\n\t- HTTP Methods: \r\n\t\t- There are different types of HTTP operations for different use cases. For instance, the GET operations 'gets' user information. Other HTTP verbs are 'POST' (add data), DELETE (remove data), PATCH (UPDATE) and a few others. \r\n\t\t- HTTP Methods: https://developer.mozilla.org/en-US/docs/Web/HTTP/Methods . \r\n\t- The flag is within the `secret` table in the database. \r\n\tTry to get the flag out :) \r\n", "max_attempts": 0, "value": 600, "category": "Web", "type": "standard", "state": "visible", "requirements": null}, {"id": 12, "name": "Korean Food", "description": "Do you like Korean food!? Well, obviously you do, because it is delicious! So, we have compiled a database full of delicious Korean foods for you! :) We are hoping those damn hackers stop taking over our the <b>admin</b> account though... We're still trying to figure out how they are doing it!\r\n\r\nGoal: Become the admin user on the site. \r\n\r\nGo to website.spokane-ctf.com:8081/login", "max_attempts": 0, "value": 400, "category": "Web", "type": "standard", "state": "visible", "requirements": null}, {"id": 13, "name": "Side Channel ", "description": "NSA: You've been given the challenge of logging into this unauthorized system; we have taken care of the username for you. Now, it is your job to find the password by WHATEVER means necessary.\r\n\r\nCompile the client file with <code>gcc client.c -o client</code> on gcc 7! Older versions of gcc will not work...\r\n\r\nThe client will be at website.spokane-ctf.com:<YOUR_PORT>. This challenge requires each team to be on a specific port. So, consultant your teams information to get your teams assigned ports for this challenge. \r\n\r\nNote: The <b>IP</b> of the server must be used for this challenge (not the domain name). \r\n\r\nTo run the client: \r\n<code>./client <\\IP\\> <\\PORT\\> <\\PASSWORD\\></code>", "max_attempts": 0, "value": 1000, "category": "Web", "type": "standard", "state": "visible", "requirements": null}, {"id": 14, "name": "Redirection", "description": "You are a malicious actor, trying to start a phishing campaign... Your goal is to get the site to redirect by altering the page parameter in the URL.Get this site to redirect to any site that is not the current one (i.e. Google.com)\r\n\r\nGo to website.spokane-ctf.com:9999 for the challenge. ", "max_attempts": 0, "value": 300, "category": "Web", "type": "standard", "state": "visible", "requirements": null}, {"id": 15, "name": "Login Form: Flag 1", "description": "Just your normal login form: please try to get in :)\r\n\r\nThere are two vulns in this challenge... one can be done with the scoreboard and the other has to be manually verified. This is the challenge with the flag :) \r\n\r\nRuns on website.spokane-ctf.com:8181\r\n", "max_attempts": 0, "value": 400, "category": "Web", "type": "standard", "state": "visible", "requirements": null}, {"id": 16, "name": "Login Form: Flag 2", "description": "Just your normal login form: please try to get in :)... Well, do not try to get in this time. Instead, try to see if you can find another vulnerability within the application. \r\n\r\nCall over a coach to explain the vulnerability that you found. If you are correct, they will give you the flag. \r\n\r\nRuns on website.spokane-ctf.com:8181", "max_attempts": 0, "value": 300, "category": "Web", "type": "standard", "state": "visible", "requirements": {"prerequisites": [15]}}, {"id": 17, "name": "Admin Panel", "description": "Most of the time, when trying to break into banks and such, you are left without the source code :( However, in some cases (such as open source) you may find the source code for an application! This time, we have found an administrative panel with some limited functionality. By reviewing the source code can you find the vulnerability in it? :)\r\n\r\nIn order to get the flag for this challenge please talk to a coach.\r\nExplain the following things: \r\n- What the vulnerability is. \r\n- Where the vulnerability is. ", "max_attempts": 0, "value": 500, "category": "Web", "type": "standard", "state": "visible", "requirements": null}, {"id": 18, "name": "DiffieHellman", "description": "Explain Diffie-Hellman Key Exchange. In particular, be able to answer the following questions: \r\n\r\n- Why is it useful? What is the purpose of Diffie Hellman? \r\n- What numbers are put into the open that are chosen by Bob and Alice? \r\n- What are the requirements of these numbers?\r\n- What numbers are exchanged? What are kept secret?\r\n- What is done with the values? Like, what math? ", "max_attempts": 0, "value": 600, "category": "Encoding", "type": "standard", "state": "visible", "requirements": null}, {"id": 19, "name": "Huffman", "description": "In post-apocalyptic world, computers are an extremely valuable tool. However, they are hard to find and tend to be encrypted in some manner. While digging through the depths of a computer you found a directory with two files: huffman and cipher.txt. You believe that the this could have the key that you are looking for to decrypt the computer, but it is encoded in a weird way.\r\n\r\nUse the huffman table (in huffman) and cipher.txt in order to get back the original text. ", "max_attempts": 0, "value": 400, "category": "Encoding", "type": "standard", "state": "visible", "requirements": null}, {"id": 20, "name": "Julius Cesar", "description": "The great emperor Julius Caesar has sent a message to his colleague James Salad from across his empire. However, the sly Eve was able to intercept the hand written letter, only to find gibberish. Can you figure out what the message says?\r\n\r\ntzu{qsgof_kog_o_usbwig}", "max_attempts": 0, "value": 210, "category": "Encoding", "type": "standard", "state": "visible", "requirements": null}, {"id": 21, "name": "Hamming 1", "description": "Hamming distance and hamming weight are related concepts often relied upon in different applications of cryptography, information theory, coding theory, and more!\r\n\r\n## Definitions\r\n- Hamming Distance: # of positions between two strings where a symbol differs\r\n- Hamming Weight (for a binary string): # of 1's in the string, the distance from an all-zero binary string of the same length.\r\n\r\n## Examples\r\nSuppose A = \"1001 0110\", B = \"1010 1010\".\r\n- dist(A, B) = # of positions where the symbol is different = 4; notice this is equivalent to performing binary addition w/o a carry which is also equivalent to XOR(A,B).\r\n- weight(A) = hamming distance from \"0000 0000\" = # of 1's = 4\r\n- weight(B) = 4 \r\n\r\n<h2> \r\nQuestion\r\n</h2>\r\nSuppose A = \"1101 1110\", B = \"1111 0000\", C = \"0101 1101\"\r\nFind weight(A), weight(B), and weight(C).\r\n\r\nThe answer is formatted as `weight(A)-weight(B)-weight(C)`. For example, 1-1-1\r\n", "max_attempts": 0, "value": 210, "category": "Math", "type": "standard", "state": "visible", "requirements": null}, {"id": 22, "name": "Hamming 2", "description": "Hamming distance and hamming weight are related concepts often relied upon in different applications of cryptography, information theory, coding theory, and more!\r\n\r\n## Definitions\r\n- Hamming Distance: # of positions between two strings where a symbol differs\r\n- Hamming Weight (for a binary string): # of 1's in the string, the distance from an all-zero binary string of the same length.\r\n\r\n## Examples\r\nSuppose A = \"1001 0110\", B = \"1010 1010\".\r\n- dist(A, B) = # of positions where the symbol is different = 4; notice this is equivalent to performing binary addition w/o a carry which is also equivalent to XOR(A,B).\r\n- weight(A) = hamming distance from \"0000 0000\" = # of 1's = 4\r\n- weight(B) = 4 \r\n\r\n## Question\r\nSuppose A = \"1101 1110\", B = \"1111 0000\", C = \"0101 1101\"  \r\nWhich two strings have the greatest distance?\r\n\r\nThe answer is formatted as `letter,letter` in alphabetical order. For example, if the largest distance was from D to E, then the answer would be `D,E`. \r\n", "max_attempts": 0, "value": 300, "category": "Math", "type": "standard", "state": "visible", "requirements": null}, {"id": 23, "name": "Bowling for 15", "description": "Bowling is a very interesting game. With bowling, you get two chances to knock over all of the pins. On this second attempt, there are A LOT of different possible pin setups to attempt for a spare. How many different spare combinations are there for a pin setup which has 15 pins?\r\n\r\nThe case of knocking all of the pins over is not counted. But, the case of missing all of the pins is counted.", "max_attempts": 0, "value": 300, "category": "Math", "type": "standard", "state": "visible", "requirements": null}, {"id": 24, "name": "DNA", "description": "Your task is to find the DNA string of length 10 that has the MD5 hash value \"6a81c717d2a7cebdaecf766cf85687e4\". A DNA string can be any combintion of 'A', 'T', 'C', and 'G' (e.g. 'AAAAAAAAAA', 'ATATGCTAAG', 'AAAAAAAAAT'). Find the combination that gives you the correct hash.", "max_attempts": 0, "value": 300, "category": "Math", "type": "standard", "state": "visible", "requirements": null}, {"id": 25, "name": "Morse", "description": "How would you communicate if you were stuck in a room with guards surrounding you?\r\n\r\nDecode this message for the flag.", "max_attempts": 0, "value": 300, "category": "Encoding", "type": "standard", "state": "visible", "requirements": null}, {"id": 26, "name": "Passive...", "description": "Imagine, you are at the Starbucks headquarters. You have setup your computer to monitor mode in order to see ALL PLAINTEXT traffic on the network. Find the network traffic that sends a plaintext username and password to the router.\r\n\r\nThe flag is going to be the username and password base64'ed together. ", "max_attempts": 0, "value": 300, "category": "Logging", "type": "standard", "state": "visible", "requirements": null}, {"id": 27, "name": "XOR", "description": "XOR has some really cool properties! Given the ciphertext (encrypted text) can you decrypt the data?\r\n", "max_attempts": 0, "value": 300, "category": "Encoding", "type": "standard", "state": "visible", "requirements": null}, {"id": 28, "name": "Secret", "description": "The flag for this challenge is in this page... \r\n\r\n<!---flg{comment_comet} -->", "max_attempts": 0, "value": 70, "category": "Web", "type": "standard", "state": "visible", "requirements": null}, {"id": 29, "name": "OS Image", "description": "<h2> \r\nInfo \r\n</h2>\r\n\r\n<p>\r\nMemory forensics is forensic analysis of a computers memory. This investigation is crucial to understanding sophisticated cyber attacks.\r\n</p>  \r\n\r\n<p>\r\nFor this series of challenges, you will be using Volatility in order to dissect a computers memory. This will allow you to get basic skills into memory forensics and understanding what an attacker looks like inside a computer. \r\n</p>\r\n\r\nIn order to complete this series of challenges, here are the needed resources: \r\n<ul>\r\n<li>\r\n<a href=\"https://drive.google.com/file/d/19j_VDs7ekqN7eSErbmAa5vxOAOqagh03/view?usp=sharing_eil&ts=5e28fda6\"> Memory Image</a>.\r\n</li>\r\n<li>\r\n<a href=\"https://github.com/volatilityfoundation/volatility/wiki/Installation\">Volatility Tool</a>. Please use a pre-built executable; try not to build this from source. \r\n</li>\r\n<li>\r\n<a href=\"https://github.com/volatilityfoundation/volatility/wiki/Command-Reference\">Volatility Documentation</a>\r\n</li>\r\n</ul>\r\n\r\n<h2>\r\nChallenge\r\n</h2>\r\nWhat version of Windows and Service Pack level is the system the memory image was captured from?", "max_attempts": 0, "value": 500, "category": "Memory Forensics", "type": "standard", "state": "visible", "requirements": null}, {"id": 30, "name": "Parent Process ID (PPID) ", "description": "<h2> \r\nInfo \r\n</h2>\r\n\r\n<p>\r\nMemory forensics is forensic analysis of a computers memory. This investigation is crucial to understanding sophisticated cyber attacks.\r\n</p>  \r\n\r\n<p>\r\nFor this series of challenges, you will be using Volatility in order to dissect a computers memory. This will allow you to get basic skills into memory forensics and understanding what an attacker looks like inside a computer. \r\n</p>\r\n\r\nIn order to complete this series of challenges, here are the needed resources: \r\n<ul>\r\n<li>\r\n<a href=\"https://drive.google.com/file/d/19j_VDs7ekqN7eSErbmAa5vxOAOqagh03/view?usp=sharing_eil&ts=5e28fda6\"> Memory Image</a>.\r\n</li>\r\n<li>\r\n<a href=\"https://github.com/volatilityfoundation/volatility/wiki/Installation\">Volatility Tool</a>. Please use a pre-built executable; try not to build this from source. \r\n</li>\r\n<li>\r\n<a href=\"https://github.com/volatilityfoundation/volatility/wiki/Command-Reference\">Volatility Documentation</a>\r\n</li>\r\n</ul>\r\n\r\n<h2>\r\nChallenge\r\n</h2>\r\nWhat process ID does not have a corresponding Parent Process Active?\r\n", "max_attempts": 0, "value": 400, "category": "Memory Forensics", "type": "standard", "state": "visible", "requirements": {"prerequisites": [29]}}, {"id": 31, "name": "Open Process on Port", "description": "<h2> \r\nInfo \r\n</h2>\r\n\r\n<p>\r\nMemory forensics is forensic analysis of a computers memory. This investigation is crucial to understanding sophisticated cyber attacks.\r\n</p>  \r\n\r\n<p>\r\nFor this series of challenges, you will be using Volatility in order to dissect a computers memory. This will allow you to get basic skills into memory forensics and understanding what an attacker looks like inside a computer. \r\n</p>\r\n\r\nIn order to complete this series of challenges, here are the needed resources: \r\n<ul>\r\n<li>\r\n<a href=\"https://drive.google.com/file/d/19j_VDs7ekqN7eSErbmAa5vxOAOqagh03/view?usp=sharing_eil&ts=5e28fda6\"> Memory Image</a>.\r\n</li>\r\n<li>\r\n<a href=\"https://github.com/volatilityfoundation/volatility/wiki/Installation\">Volatility Tool</a>. Please use a pre-built executable; try not to build this from source. \r\n</li>\r\n<li>\r\n<a href=\"https://github.com/volatilityfoundation/volatility/wiki/Command-Reference\">Volatility Documentation</a>\r\n</li>\r\n</ul>\r\n\r\n<h2>\r\nChallenge\r\n</h2>\r\nWhat process name that has been opened on port 554?", "max_attempts": 0, "value": 300, "category": "Memory Forensics", "type": "standard", "state": "visible", "requirements": {"prerequisites": [30]}}, {"id": 32, "name": "Port 554", "description": "<h2> \r\nInfo \r\n</h2>\r\n\r\n<p>\r\nMemory forensics is forensic analysis of a computers memory. This investigation is crucial to understanding sophisticated cyber attacks.\r\n</p>  \r\n\r\n<p>\r\nFor this series of challenges, you will be using Volatility in order to dissect a computers memory. This will allow you to get basic skills into memory forensics and understanding what an attacker looks like inside a computer. \r\n</p>\r\n\r\nIn order to complete this series of challenges, here are the needed resources: \r\n<ul>\r\n<li>\r\n<a href=\"https://drive.google.com/file/d/19j_VDs7ekqN7eSErbmAa5vxOAOqagh03/view?usp=sharing_eil&ts=5e28fda6\"> Memory Image</a>.\r\n</li>\r\n<li>\r\n<a href=\"https://github.com/volatilityfoundation/volatility/wiki/Installation\">Volatility Tool</a>. Please use a pre-built executable; try not to build this from source. \r\n</li>\r\n<li>\r\n<a href=\"https://github.com/volatilityfoundation/volatility/wiki/Command-Reference\">Volatility Documentation</a>\r\n</li>\r\n</ul>\r\n\r\n<h2>\r\nChallenge\r\n</h2>\r\nWhat service is associated with the TCP Port 554? (Use only four letter designation).", "max_attempts": 0, "value": 120, "category": "Memory Forensics", "type": "standard", "state": "visible", "requirements": {"prerequisites": [31]}}, {"id": 33, "name": "MD5 Hash of Process ", "description": "<h2> \r\nInfo \r\n</h2>\r\n\r\n<p>\r\nMemory forensics is forensic analysis of a computers memory. This investigation is crucial to understanding sophisticated cyber attacks.\r\n</p>  \r\n\r\n<p>\r\nFor this series of challenges, you will be using Volatility in order to dissect a computers memory. This will allow you to get basic skills into memory forensics and understanding what an attacker looks like inside a computer. \r\n</p>\r\n\r\nIn order to complete this series of challenges, here are the needed resources: \r\n<ul>\r\n<li>\r\n<a href=\"https://drive.google.com/file/d/19j_VDs7ekqN7eSErbmAa5vxOAOqagh03/view?usp=sharing_eil&ts=5e28fda6\"> Memory Image</a>.\r\n</li>\r\n<li>\r\n<a href=\"https://github.com/volatilityfoundation/volatility/wiki/Installation\">Volatility Tool</a>. Please use a pre-built executable; try not to build this from source. \r\n</li>\r\n<li>\r\n<a href=\"https://github.com/volatilityfoundation/volatility/wiki/Command-Reference\">Volatility Documentation</a>\r\n</li>\r\n</ul>\r\n\r\n<h2>\r\nChallenge\r\n</h2>", "max_attempts": 0, "value": 400, "category": "Memory Forensics", "type": "standard", "state": "visible", "requirements": {"prerequisites": [32]}}, {"id": 34, "name": "Virus Total ", "description": "<h2> \r\nInfo \r\n</h2>\r\n\r\n<p>\r\nMemory forensics is forensic analysis of a computers memory. This investigation is crucial to understanding sophisticated cyber attacks.\r\n</p>  \r\n\r\n<p>\r\nFor this series of challenges, you will be using Volatility in order to dissect a computers memory. This will allow you to get basic skills into memory forensics and understanding what an attacker looks like inside a computer. \r\n</p>\r\n\r\nIn order to complete this series of challenges, here are the needed resources: \r\n<ul>\r\n<li>\r\n<a href=\"https://drive.google.com/file/d/19j_VDs7ekqN7eSErbmAa5vxOAOqagh03/view?usp=sharing_eil&ts=5e28fda6\"> Memory Image</a>.\r\n</li>\r\n<li>\r\n<a href=\"https://github.com/volatilityfoundation/volatility/wiki/Installation\">Volatility Tool</a>. Please use a pre-built executable; try not to build this from source. \r\n</li>\r\n<li>\r\n<a href=\"https://github.com/volatilityfoundation/volatility/wiki/Command-Reference\">Volatility Documentation</a>\r\n</li>\r\n</ul>\r\n\r\n<h2>\r\nChallenge\r\n</h2>\r\n\r\nVirus total is a tool to easily validate if a file has been known to be malicious. Input this md5 hash into Virus Total.\r\nWhat Anti-virus product indicates that this file is malicious?", "max_attempts": 0, "value": 210, "category": "Memory Forensics", "type": "standard", "state": "visible", "requirements": {"prerequisites": [33]}}, {"id": 36, "name": "mzip", "description": "m_zip is the new up and coming zipping software! Use this to zip things :)\r\n\r\nIn order to win this challenge, create a file or folder in /flag on the server.\r\n\r\nNote: Use python 2 for this challenge. Python 3 will not work. \r\n\r\nUsage: \r\n<ol> \r\n<li> \r\n<b>zipping</b>: <code>python m_zip.py zip <\\zip_file_to_create> <\\file_1> <\\file_2> .... </code>\r\n</li> \r\n<li><b>unzipping</b>:  <code>python m_zip.py unzip <\\previously_created_zip> <\\output_folder></code>\r\n</li>\r\n<li> <b>Submit</b>: <code>./send_zip.sh wargame2.spokane-ctf.com:443 <\\zip_file_name> </code>", "max_attempts": 0, "value": 850, "category": "Binary", "type": "standard", "state": "visible", "requirements": null}, {"id": 37, "name": "Total Attempts", "description": "How many entries are there for this time period?", "max_attempts": 0, "value": 120, "category": "Logging", "type": "standard", "state": "visible", "requirements": null}, {"id": 38, "name": "Failed Attempts", "description": "How many failed entries are there for this time period?", "max_attempts": 0, "value": 120, "category": "Logging", "type": "standard", "state": "visible", "requirements": null}, {"id": 39, "name": "Correct Attempts", "description": "How many successful logins occurred during this period?", "max_attempts": 0, "value": 120, "category": "Logging", "type": "standard", "state": "visible", "requirements": null}, {"id": 40, "name": "Oddball Attacker", "description": "There are invalid logins and valid logins using both public key cryptography and passwords. What is the IP address of the one oddball login?", "max_attempts": 0, "value": 300, "category": "Logging", "type": "standard", "state": "visible", "requirements": null}, {"id": 41, "name": "Location Location Location ", "description": "What is the name of the country with the most requests made? \r\n\r\nFor the flag, mark it with 'country #_of_requests'.  There were 400 requests made from Denmark, format the flag like this: Denmark, 400. ", "max_attempts": 0, "value": 300, "category": "Logging", "type": "standard", "state": "visible", "requirements": null}, {"id": 42, "name": "Entry", "description": "Hack the _ _ _ _ _ _", "max_attempts": 0, "value": 70, "category": "First Challenge", "type": "standard", "state": "visible", "requirements": null}, {"id": 43, "name": "BONUS - Automated Script", "description": "", "max_attempts": 0, "value": 650, "category": "Logging", "type": "standard", "state": "visible", "requirements": null}], "meta": {}}