{"count": 17, "results": [{"id": 1, "type": "challenge", "location": "3a793df05be958fa37c145cd2955f810/api.py", "challenge_id": 11, "page_id": null}, {"id": 3, "type": "challenge", "location": "3ffd4db796cc59ff4f9eb6845ebe7aac/client.c", "challenge_id": 13, "page_id": null}, {"id": 4, "type": "challenge", "location": "79f0d49717dc381feefa235b089ff993/server.c", "challenge_id": 13, "page_id": null}, {"id": 5, "type": "challenge", "location": "a2d756c12b5d6f5366353a53df49e4e0/redirect_fun.py", "challenge_id": 14, "page_id": null}, {"id": 6, "type": "challenge", "location": "eb43ad10bdca146d3e430894577c3b0b/admin_chal.zip", "challenge_id": 17, "page_id": null}, {"id": 7, "type": "challenge", "location": "633a0d1d32c0a62ab45c379b3606033f/cipher.txt", "challenge_id": 19, "page_id": null}, {"id": 8, "type": "challenge", "location": "ac8948849de89ac2216cdf148b743459/huffman", "challenge_id": 19, "page_id": null}, {"id": 9, "type": "challenge", "location": "cf702c35a9d9b7db69c1b882e292fd9f/fun.wav", "challenge_id": 25, "page_id": null}, {"id": 10, "type": "challenge", "location": "033ff68902186a912ac0873434252b14/xor.c", "challenge_id": 27, "page_id": null}, {"id": 11, "type": "challenge", "location": "3f9eddec911eb53056bd116055e139f0/trace.pcapng", "challenge_id": 26, "page_id": null}, {"id": 12, "type": "challenge", "location": "943a5d3b0d38f77ae23b15b93e75b606/m_zip.zip", "challenge_id": 36, "page_id": null}, {"id": 13, "type": "challenge", "location": "7317b4aa3d05929f9acaaa27ac6dcfc4/auth.log", "challenge_id": 37, "page_id": null}, {"id": 14, "type": "challenge", "location": "bd14a784c35b25d4abf993c35a91966b/auth.log", "challenge_id": 38, "page_id": null}, {"id": 15, "type": "challenge", "location": "620c0f8bf52609fdb8b3e359e027b285/auth.log", "challenge_id": 39, "page_id": null}, {"id": 16, "type": "challenge", "location": "100639e4121ad436f6e775a4aafe0273/auth.log", "challenge_id": 40, "page_id": null}, {"id": 17, "type": "challenge", "location": "70dc885b8a29b2ad18075041fd22566c/auth.log", "challenge_id": 41, "page_id": null}, {"id": 18, "type": "challenge", "location": "fcaa678687f4fcc2f9c83c0a88d26230/valid_api_calls.txt", "challenge_id": 11, "page_id": null}], "meta": {}}