{"count": 223, "results": [{"id": 9, "challenge_id": 42, "user_id": 9, "team_id": 6}, {"id": 11, "challenge_id": 42, "user_id": 24, "team_id": 4}, {"id": 12, "challenge_id": 42, "user_id": 21, "team_id": 5}, {"id": 14, "challenge_id": 5, "user_id": 5, "team_id": 8}, {"id": 17, "challenge_id": 28, "user_id": 6, "team_id": 6}, {"id": 18, "challenge_id": 28, "user_id": 8, "team_id": 7}, {"id": 21, "challenge_id": 21, "user_id": 9, "team_id": 6}, {"id": 22, "challenge_id": 42, "user_id": 14, "team_id": 7}, {"id": 24, "challenge_id": 20, "user_id": 17, "team_id": 5}, {"id": 26, "challenge_id": 42, "user_id": 26, "team_id": 2}, {"id": 28, "challenge_id": 6, "user_id": 4, "team_id": 8}, {"id": 30, "challenge_id": 22, "user_id": 9, "team_id": 6}, {"id": 32, "challenge_id": 5, "user_id": 13, "team_id": 2}, {"id": 33, "challenge_id": 5, "user_id": 10, "team_id": 6}, {"id": 34, "challenge_id": 20, "user_id": 8, "team_id": 7}, {"id": 35, "challenge_id": 37, "user_id": 21, "team_id": 5}, {"id": 38, "challenge_id": 6, "user_id": 13, "team_id": 2}, {"id": 40, "challenge_id": 8, "user_id": 4, "team_id": 8}, {"id": 43, "challenge_id": 6, "user_id": 10, "team_id": 6}, {"id": 44, "challenge_id": 38, "user_id": 21, "team_id": 5}, {"id": 51, "challenge_id": 28, "user_id": 26, "team_id": 2}, {"id": 53, "challenge_id": 39, "user_id": 21, "team_id": 5}, {"id": 54, "challenge_id": 5, "user_id": 8, "team_id": 7}, {"id": 55, "challenge_id": 8, "user_id": 13, "team_id": 2}, {"id": 58, "challenge_id": 8, "user_id": 10, "team_id": 6}, {"id": 59, "challenge_id": 6, "user_id": 8, "team_id": 7}, {"id": 60, "challenge_id": 21, "user_id": 24, "team_id": 4}, {"id": 61, "challenge_id": 8, "user_id": 8, "team_id": 7}, {"id": 62, "challenge_id": 22, "user_id": 23, "team_id": 4}, {"id": 63, "challenge_id": 37, "user_id": 9, "team_id": 6}, {"id": 72, "challenge_id": 3, "user_id": 8, "team_id": 7}, {"id": 75, "challenge_id": 38, "user_id": 9, "team_id": 6}, {"id": 76, "challenge_id": 39, "user_id": 9, "team_id": 6}, {"id": 82, "challenge_id": 28, "user_id": 23, "team_id": 4}, {"id": 83, "challenge_id": 5, "user_id": 20, "team_id": 5}, {"id": 86, "challenge_id": 37, "user_id": 23, "team_id": 4}, {"id": 87, "challenge_id": 26, "user_id": 21, "team_id": 5}, {"id": 90, "challenge_id": 38, "user_id": 23, "team_id": 4}, {"id": 99, "challenge_id": 39, "user_id": 23, "team_id": 4}, {"id": 105, "challenge_id": 6, "user_id": 20, "team_id": 5}, {"id": 106, "challenge_id": 21, "user_id": 30, "team_id": 7}, {"id": 113, "challenge_id": 37, "user_id": 8, "team_id": 7}, {"id": 121, "challenge_id": 38, "user_id": 8, "team_id": 7}, {"id": 123, "challenge_id": 39, "user_id": 8, "team_id": 7}, {"id": 131, "challenge_id": 22, "user_id": 30, "team_id": 7}, {"id": 142, "challenge_id": 26, "user_id": 8, "team_id": 7}, {"id": 144, "challenge_id": 20, "user_id": 25, "team_id": 4}, {"id": 145, "challenge_id": 5, "user_id": 24, "team_id": 4}, {"id": 146, "challenge_id": 27, "user_id": 26, "team_id": 2}, {"id": 147, "challenge_id": 3, "user_id": 15, "team_id": 5}, {"id": 148, "challenge_id": 6, "user_id": 24, "team_id": 4}, {"id": 160, "challenge_id": 42, "user_id": 5, "team_id": 8}, {"id": 175, "challenge_id": 8, "user_id": 24, "team_id": 4}, {"id": 176, "challenge_id": 28, "user_id": 3, "team_id": 8}, {"id": 182, "challenge_id": 3, "user_id": 5, "team_id": 8}, {"id": 187, "challenge_id": 37, "user_id": 3, "team_id": 8}, {"id": 190, "challenge_id": 27, "user_id": 8, "team_id": 7}, {"id": 206, "challenge_id": 40, "user_id": 23, "team_id": 4}, {"id": 210, "challenge_id": 40, "user_id": 6, "team_id": 6}, {"id": 219, "challenge_id": 38, "user_id": 3, "team_id": 8}, {"id": 222, "challenge_id": 25, "user_id": 17, "team_id": 5}, {"id": 225, "challenge_id": 25, "user_id": 25, "team_id": 4}, {"id": 226, "challenge_id": 39, "user_id": 3, "team_id": 8}, {"id": 228, "challenge_id": 25, "user_id": 8, "team_id": 7}, {"id": 229, "challenge_id": 41, "user_id": 23, "team_id": 4}, {"id": 231, "challenge_id": 8, "user_id": 20, "team_id": 5}, {"id": 234, "challenge_id": 20, "user_id": 22, "team_id": 6}, {"id": 236, "challenge_id": 18, "user_id": 18, "team_id": 2}, {"id": 242, "challenge_id": 25, "user_id": 16, "team_id": 2}, {"id": 244, "challenge_id": 25, "user_id": 22, "team_id": 6}, {"id": 247, "challenge_id": 20, "user_id": 18, "team_id": 2}, {"id": 255, "challenge_id": 10, "user_id": 4, "team_id": 8}, {"id": 273, "challenge_id": 26, "user_id": 3, "team_id": 8}, {"id": 274, "challenge_id": 27, "user_id": 15, "team_id": 5}, {"id": 275, "challenge_id": 19, "user_id": 25, "team_id": 4}, {"id": 279, "challenge_id": 23, "user_id": 24, "team_id": 4}, {"id": 281, "challenge_id": 19, "user_id": 8, "team_id": 7}, {"id": 283, "challenge_id": 41, "user_id": 21, "team_id": 5}, {"id": 284, "challenge_id": 20, "user_id": 5, "team_id": 8}, {"id": 285, "challenge_id": 19, "user_id": 16, "team_id": 2}, {"id": 287, "challenge_id": 21, "user_id": 16, "team_id": 2}, {"id": 292, "challenge_id": 26, "user_id": 23, "team_id": 4}, {"id": 293, "challenge_id": 22, "user_id": 16, "team_id": 2}, {"id": 294, "challenge_id": 18, "user_id": 8, "team_id": 7}, {"id": 302, "challenge_id": 40, "user_id": 21, "team_id": 5}, {"id": 303, "challenge_id": 40, "user_id": 3, "team_id": 8}, {"id": 306, "challenge_id": 1, "user_id": 4, "team_id": 8}, {"id": 308, "challenge_id": 1, "user_id": 13, "team_id": 2}, {"id": 315, "challenge_id": 18, "user_id": 25, "team_id": 4}, {"id": 316, "challenge_id": 41, "user_id": 3, "team_id": 8}, {"id": 317, "challenge_id": 23, "user_id": 16, "team_id": 2}, {"id": 318, "challenge_id": 41, "user_id": 30, "team_id": 7}, {"id": 319, "challenge_id": 3, "user_id": 22, "team_id": 6}, {"id": 323, "challenge_id": 28, "user_id": 17, "team_id": 5}, {"id": 328, "challenge_id": 37, "user_id": 16, "team_id": 2}, {"id": 329, "challenge_id": 38, "user_id": 16, "team_id": 2}, {"id": 330, "challenge_id": 39, "user_id": 16, "team_id": 2}, {"id": 331, "challenge_id": 29, "user_id": 8, "team_id": 7}, {"id": 335, "challenge_id": 7, "user_id": 22, "team_id": 6}, {"id": 344, "challenge_id": 27, "user_id": 25, "team_id": 4}, {"id": 346, "challenge_id": 40, "user_id": 14, "team_id": 7}, {"id": 349, "challenge_id": 26, "user_id": 16, "team_id": 2}, {"id": 350, "challenge_id": 24, "user_id": 18, "team_id": 2}, {"id": 353, "challenge_id": 12, "user_id": 21, "team_id": 5}, {"id": 356, "challenge_id": 40, "user_id": 16, "team_id": 2}, {"id": 357, "challenge_id": 3, "user_id": 26, "team_id": 2}, {"id": 360, "challenge_id": 41, "user_id": 16, "team_id": 2}, {"id": 362, "challenge_id": 24, "user_id": 11, "team_id": 7}, {"id": 363, "challenge_id": 3, "user_id": 25, "team_id": 4}, {"id": 365, "challenge_id": 12, "user_id": 22, "team_id": 6}, {"id": 368, "challenge_id": 24, "user_id": 24, "team_id": 4}, {"id": 369, "challenge_id": 10, "user_id": 15, "team_id": 5}, {"id": 370, "challenge_id": 27, "user_id": 5, "team_id": 8}, {"id": 371, "challenge_id": 41, "user_id": 6, "team_id": 6}, {"id": 372, "challenge_id": 17, "user_id": 4, "team_id": 8}, {"id": 373, "challenge_id": 14, "user_id": 3, "team_id": 8}, {"id": 377, "challenge_id": 21, "user_id": 15, "team_id": 5}, {"id": 380, "challenge_id": 22, "user_id": 15, "team_id": 5}, {"id": 381, "challenge_id": 14, "user_id": 21, "team_id": 5}, {"id": 383, "challenge_id": 14, "user_id": 8, "team_id": 7}, {"id": 387, "challenge_id": 23, "user_id": 15, "team_id": 5}, {"id": 397, "challenge_id": 12, "user_id": 3, "team_id": 8}, {"id": 402, "challenge_id": 4, "user_id": 30, "team_id": 7}, {"id": 403, "challenge_id": 17, "user_id": 21, "team_id": 5}, {"id": 405, "challenge_id": 21, "user_id": 4, "team_id": 8}, {"id": 406, "challenge_id": 14, "user_id": 16, "team_id": 2}, {"id": 411, "challenge_id": 26, "user_id": 6, "team_id": 6}, {"id": 412, "challenge_id": 1, "user_id": 8, "team_id": 7}, {"id": 413, "challenge_id": 7, "user_id": 26, "team_id": 2}, {"id": 414, "challenge_id": 7, "user_id": 5, "team_id": 8}, {"id": 415, "challenge_id": 1, "user_id": 20, "team_id": 5}, {"id": 417, "challenge_id": 25, "user_id": 3, "team_id": 8}, {"id": 427, "challenge_id": 19, "user_id": 7, "team_id": 6}, {"id": 430, "challenge_id": 11, "user_id": 4, "team_id": 8}, {"id": 431, "challenge_id": 30, "user_id": 8, "team_id": 7}, {"id": 432, "challenge_id": 31, "user_id": 8, "team_id": 7}, {"id": 434, "challenge_id": 22, "user_id": 4, "team_id": 8}, {"id": 435, "challenge_id": 32, "user_id": 8, "team_id": 7}, {"id": 439, "challenge_id": 14, "user_id": 24, "team_id": 4}, {"id": 440, "challenge_id": 18, "user_id": 15, "team_id": 5}, {"id": 444, "challenge_id": 33, "user_id": 8, "team_id": 7}, {"id": 445, "challenge_id": 34, "user_id": 8, "team_id": 7}, {"id": 448, "challenge_id": 17, "user_id": 8, "team_id": 7}, {"id": 453, "challenge_id": 10, "user_id": 7, "team_id": 6}, {"id": 455, "challenge_id": 29, "user_id": 5, "team_id": 8}, {"id": 457, "challenge_id": 23, "user_id": 30, "team_id": 7}, {"id": 465, "challenge_id": 29, "user_id": 22, "team_id": 6}, {"id": 470, "challenge_id": 12, "user_id": 23, "team_id": 4}, {"id": 473, "challenge_id": 29, "user_id": 15, "team_id": 5}, {"id": 474, "challenge_id": 4, "user_id": 26, "team_id": 2}, {"id": 476, "challenge_id": 12, "user_id": 8, "team_id": 7}, {"id": 477, "challenge_id": 24, "user_id": 21, "team_id": 5}, {"id": 482, "challenge_id": 30, "user_id": 22, "team_id": 6}, {"id": 487, "challenge_id": 7, "user_id": 30, "team_id": 7}, {"id": 488, "challenge_id": 31, "user_id": 22, "team_id": 6}, {"id": 495, "challenge_id": 7, "user_id": 25, "team_id": 4}, {"id": 496, "challenge_id": 24, "user_id": 4, "team_id": 8}, {"id": 499, "challenge_id": 32, "user_id": 22, "team_id": 6}, {"id": 500, "challenge_id": 30, "user_id": 15, "team_id": 5}, {"id": 502, "challenge_id": 1, "user_id": 23, "team_id": 4}, {"id": 503, "challenge_id": 33, "user_id": 22, "team_id": 6}, {"id": 504, "challenge_id": 31, "user_id": 15, "team_id": 5}, {"id": 506, "challenge_id": 34, "user_id": 22, "team_id": 6}, {"id": 509, "challenge_id": 15, "user_id": 4, "team_id": 8}, {"id": 512, "challenge_id": 30, "user_id": 5, "team_id": 8}, {"id": 513, "challenge_id": 31, "user_id": 5, "team_id": 8}, {"id": 517, "challenge_id": 4, "user_id": 22, "team_id": 6}, {"id": 518, "challenge_id": 12, "user_id": 16, "team_id": 2}, {"id": 522, "challenge_id": 1, "user_id": 9, "team_id": 6}, {"id": 529, "challenge_id": 13, "user_id": 8, "team_id": 7}, {"id": 536, "challenge_id": 15, "user_id": 21, "team_id": 5}, {"id": 545, "challenge_id": 32, "user_id": 15, "team_id": 5}, {"id": 546, "challenge_id": 23, "user_id": 7, "team_id": 6}, {"id": 547, "challenge_id": 29, "user_id": 25, "team_id": 4}, {"id": 556, "challenge_id": 10, "user_id": 26, "team_id": 2}, {"id": 565, "challenge_id": 33, "user_id": 15, "team_id": 5}, {"id": 575, "challenge_id": 10, "user_id": 23, "team_id": 4}, {"id": 583, "challenge_id": 30, "user_id": 25, "team_id": 4}, {"id": 585, "challenge_id": 34, "user_id": 15, "team_id": 5}, {"id": 586, "challenge_id": 19, "user_id": 4, "team_id": 8}, {"id": 587, "challenge_id": 11, "user_id": 8, "team_id": 7}, {"id": 588, "challenge_id": 16, "user_id": 3, "team_id": 8}, {"id": 603, "challenge_id": 31, "user_id": 25, "team_id": 4}, {"id": 604, "challenge_id": 18, "user_id": 7, "team_id": 6}, {"id": 615, "challenge_id": 32, "user_id": 25, "team_id": 4}, {"id": 616, "challenge_id": 32, "user_id": 5, "team_id": 8}, {"id": 617, "challenge_id": 10, "user_id": 11, "team_id": 7}, {"id": 618, "challenge_id": 27, "user_id": 6, "team_id": 6}, {"id": 621, "challenge_id": 18, "user_id": 3, "team_id": 8}, {"id": 623, "challenge_id": 4, "user_id": 20, "team_id": 5}, {"id": 625, "challenge_id": 15, "user_id": 8, "team_id": 7}, {"id": 626, "challenge_id": 29, "user_id": 26, "team_id": 2}, {"id": 627, "challenge_id": 4, "user_id": 4, "team_id": 8}, {"id": 630, "challenge_id": 15, "user_id": 22, "team_id": 6}, {"id": 639, "challenge_id": 33, "user_id": 5, "team_id": 8}, {"id": 644, "challenge_id": 34, "user_id": 5, "team_id": 8}, {"id": 646, "challenge_id": 30, "user_id": 26, "team_id": 2}, {"id": 649, "challenge_id": 16, "user_id": 8, "team_id": 7}, {"id": 654, "challenge_id": 31, "user_id": 26, "team_id": 2}, {"id": 655, "challenge_id": 32, "user_id": 26, "team_id": 2}, {"id": 659, "challenge_id": 16, "user_id": 7, "team_id": 6}, {"id": 661, "challenge_id": 15, "user_id": 18, "team_id": 2}, {"id": 664, "challenge_id": 33, "user_id": 24, "team_id": 4}, {"id": 665, "challenge_id": 14, "user_id": 9, "team_id": 6}, {"id": 667, "challenge_id": 34, "user_id": 25, "team_id": 4}, {"id": 669, "challenge_id": 15, "user_id": 24, "team_id": 4}, {"id": 670, "challenge_id": 13, "user_id": 22, "team_id": 6}, {"id": 671, "challenge_id": 33, "user_id": 26, "team_id": 2}, {"id": 672, "challenge_id": 34, "user_id": 26, "team_id": 2}, {"id": 673, "challenge_id": 16, "user_id": 16, "team_id": 2}, {"id": 676, "challenge_id": 16, "user_id": 25, "team_id": 4}, {"id": 677, "challenge_id": 4, "user_id": 23, "team_id": 4}, {"id": 681, "challenge_id": 9, "user_id": 13, "team_id": 2}, {"id": 682, "challenge_id": 9, "user_id": 5, "team_id": 8}, {"id": 683, "challenge_id": 17, "user_id": 24, "team_id": 4}, {"id": 686, "challenge_id": 16, "user_id": 21, "team_id": 5}, {"id": 688, "challenge_id": 23, "user_id": 3, "team_id": 8}, {"id": 689, "challenge_id": 17, "user_id": 26, "team_id": 2}, {"id": 692, "challenge_id": 36, "user_id": 8, "team_id": 7}, {"id": 693, "challenge_id": 24, "user_id": 6, "team_id": 6}, {"id": 694, "challenge_id": 9, "user_id": 6, "team_id": 6}, {"id": 695, "challenge_id": 13, "user_id": 25, "team_id": 4}, {"id": 702, "challenge_id": 43, "user_id": 9, "team_id": 6}], "meta": {}}