{"count": 9, "results": [{"id": 1, "oauth_id": null, "name": "Admin Team", "email": null, "password": "$bcrypt-sha256$2b,12$KVBnJxyRrzXWNqS11VPJtu$w.Ke0b.x1Hy0BXGw2N8V7HkuRzADTUS", "secret": null, "website": null, "affiliation": null, "country": null, "bracket": null, "hidden": true, "banned": false, "created": "2020-01-13T00:07:11.974480", "captain_id": 1}, {"id": 2, "oauth_id": null, "name": "/dev/null", "email": "gotgame6@msn.com", "password": "$bcrypt-sha256$2b,12$37qhvKh8GOq5x4K4R55RKO$qYzrqDsGWLgEVohfNggRPH5HdDCHUT.", "secret": null, "website": null, "affiliation": "Whitworth", "country": null, "bracket": null, "hidden": false, "banned": false, "created": "2020-02-07T07:02:09.794448", "captain_id": 16}, {"id": 3, "oauth_id": null, "name": "Team GU", "email": "rwhitson@zagmail.gonzaga.edu", "password": "$bcrypt-sha256$2b,12$tl4AqTNecsV6AetSyG6DNO$tntjJe55VyROfaEJjua2jWR1tSGrfsa", "secret": null, "website": null, "affiliation": "Gonzaga", "country": null, "bracket": null, "hidden": false, "banned": false, "created": "2020-02-07T07:03:35.129980", "captain_id": null}, {"id": 4, "oauth_id": null, "name": "Zippity Zappity Zags", "email": "kmattappally@zagmail.gonzaga.edu", "password": "$bcrypt-sha256$2b,12$MYWXZ/Wgx0Yf7K30i5jUM.$q.Iu3ECm0YM5663SL4IawG1nsQJOdgC", "secret": null, "website": null, "affiliation": "Gonzaga", "country": null, "bracket": null, "hidden": false, "banned": false, "created": "2020-02-07T07:06:33.431315", "captain_id": 24}, {"id": 5, "oauth_id": null, "name": "Bracegirdies and Proudfoots", "email": "juanlford@protonmail.com", "password": "$bcrypt-sha256$2b,12$gJe4z.dcj7Kk4FoDj1nfyu$O2uiqYSvH/3Z7TWwyuASv6uBzPE/ROW", "secret": null, "website": null, "affiliation": "Spokane Falls CC", "country": null, "bracket": null, "hidden": false, "banned": false, "created": "2020-02-07T07:07:28.808317", "captain_id": 21}, {"id": 6, "oauth_id": null, "name": "Extremely Expert Eaggies", "email": "lunalord@eagles.ewu.edu", "password": "$bcrypt-sha256$2b,12$FKgUbjh4H9J8c7MEB8ZRfu$Nz5vvAFeLuNRsWja6JV9.r0rZf7W5my", "secret": null, "website": null, "affiliation": "Eastern Washington University", "country": null, "bracket": null, "hidden": false, "banned": false, "created": "2020-02-07T07:09:09.206561", "captain_id": 7}, {"id": 7, "oauth_id": null, "name": "Evasively Excellent Eags", "email": "forrest.wallace3@eagles.ewu.edu", "password": "$bcrypt-sha256$2b,12$AO/aVw7OLTmgIfUrRsWGmu$v4KwsPsVs42aITekDJl4QU9RdqZmxyS", "secret": null, "website": null, "affiliation": "Eastern Washington University", "country": null, "bracket": null, "hidden": false, "banned": false, "created": "2020-02-07T07:09:49.514152", "captain_id": 8}, {"id": 8, "oauth_id": null, "name": "Potential Spam", "email": "rdveach@lcmail.lcsc.edu", "password": "$bcrypt-sha256$2b,12$3AvYzf84b58dWGR0cIV2ru$FtMXWfyVyNGKS3njPcNWATfh8M4n2By", "secret": null, "website": "", "affiliation": "Lewis Clark State College", "country": "", "bracket": null, "hidden": false, "banned": false, "created": "2020-02-07T07:11:30.383179", "captain_id": 5}, {"id": 9, "oauth_id": null, "name": "/dev/null/", "email": null, "password": "$bcrypt-sha256$2b,12$2PixTvUXMYSCHN.xhu.8mu$3hsm/e5hLK61uAQ/fDQEBLm6ga1onbW", "secret": null, "website": null, "affiliation": null, "country": null, "bracket": null, "hidden": false, "banned": false, "created": "2020-02-08T16:36:47.137336", "captain_id": 12}], "meta": {}}