{"count": 30, "results": [{"id": 1, "oauth_id": null, "name": "mdulin2", "password": "$bcrypt-sha256$2b,12$DiaXN3Xw9VnZiJ8FTALwRO$ErvKe7YbAUkoEZ09UOXrUbzt7.rrubK", "email": "dulinmax@outlook.com", "type": "admin", "secret": null, "website": null, "affiliation": null, "country": null, "bracket": null, "hidden": true, "banned": false, "verified": false, "team_id": 1, "created": "2020-01-12T22:15:58.689252"}, {"id": 2, "oauth_id": null, "name": "mdulin3", "password": "$bcrypt-sha256$2b,12$vRlNo3wJPR5dan17mu/Hz.$QJNYKK6c2s1wZo4dT5QFIyuvAQ/F/0W", "email": "mdulin2@zagmail.gonzaga.edu", "type": "user", "secret": null, "website": null, "affiliation": null, "country": null, "bracket": null, "hidden": false, "banned": false, "verified": false, "team_id": null, "created": "2020-02-07T05:25:01.800854"}, {"id": 3, "oauth_id": null, "name": "Herb509", "password": "$bcrypt-sha256$2b,12$LZ4u4t5e2B/OK17yXnHg8O$pipetQRet3a.ruS0fYYPYVO8VB9CJV6", "email": "tcherbert@lcmail.lcsc.edu", "type": "user", "secret": null, "website": null, "affiliation": "LCSC", "country": "", "bracket": null, "hidden": false, "banned": false, "verified": false, "team_id": 8, "created": "2020-02-08T16:23:01.727303"}, {"id": 4, "oauth_id": null, "name": "liothen", "password": "$bcrypt-sha256$2b,12$VymohnuavfXn6x7YIbGnee$LmXW6L880fThvC.FU0S8MLkREu68zLe", "email": "cjsargeant@lcmail.lcsc.edu", "type": "user", "secret": null, "website": null, "affiliation": "LCSC", "country": "", "bracket": null, "hidden": false, "banned": false, "verified": false, "team_id": 8, "created": "2020-02-08T16:23:34.456247"}, {"id": 5, "oauth_id": null, "name": "veach", "password": "$bcrypt-sha256$2b,12$NDwO014bw24yFCNeZQebDO$PSqmwwYu/jb4w.5NvCpYzMoDug03JnC", "email": "rdveach@lcmail.lcsc.edu", "type": "user", "secret": null, "website": null, "affiliation": "LCSC", "country": "", "bracket": null, "hidden": false, "banned": false, "verified": false, "team_id": 8, "created": "2020-02-08T16:24:22.927054"}, {"id": 6, "oauth_id": null, "name": "stephh939", "password": "$bcrypt-sha256$2b,12$K/F2yFJD0DrBZQ/zzKHtwe$qkiFEheX7QagWjkCOvlkCh.TzZT9I5C", "email": "stephanie_russell2010@hotmail.com", "type": "user", "secret": null, "website": null, "affiliation": "EWU", "country": "", "bracket": null, "hidden": false, "banned": false, "verified": false, "team_id": 6, "created": "2020-02-08T16:30:45.754928"}, {"id": 7, "oauth_id": null, "name": "Daylyn", "password": "$bcrypt-sha256$2b,12$9fjUc1MfL/GAb2qnA9FR6.$481qKGOPXoanj1J/z8ZdLIWdlnKHJjm", "email": "dhoxie@eagles.ewu.edu", "type": "user", "secret": null, "website": null, "affiliation": null, "country": null, "bracket": null, "hidden": false, "banned": false, "verified": false, "team_id": 6, "created": "2020-02-08T16:30:54.614825"}, {"id": 8, "oauth_id": null, "name": "aspichak", "password": "$bcrypt-sha256$2b,12$ucph5nmpKLozF81i8WXoGu$emBXH/TmZwsOWxT3V/IggIye3O2Hcma", "email": "aspichak@eagles.ewu.edu", "type": "user", "secret": null, "website": null, "affiliation": "EWU", "country": "", "bracket": null, "hidden": false, "banned": false, "verified": false, "team_id": 7, "created": "2020-02-08T16:33:14.774301"}, {"id": 9, "oauth_id": null, "name": "vkeyes", "password": "$bcrypt-sha256$2b,12$sgjp/7RR518osKgdj1oggO$CfJ85Y.XI4qr.NPVBB02xzMUbW75hgK", "email": "vkeyes@ealges.ewu.edu", "type": "user", "secret": null, "website": null, "affiliation": "EWU", "country": "", "bracket": null, "hidden": false, "banned": false, "verified": false, "team_id": 6, "created": "2020-02-08T16:33:43.846740"}, {"id": 10, "oauth_id": null, "name": "ExtremelyExpertEaggies", "password": "$bcrypt-sha256$2b,12$AVjpjGTbhwTMEEquRN/J5u$bC0f1qK62QeMTfFCmnhWONRt.xi6oQC", "email": "crickman1@eagles.ewu.edu", "type": "user", "secret": null, "website": null, "affiliation": null, "country": null, "bracket": null, "hidden": false, "banned": false, "verified": false, "team_id": 6, "created": "2020-02-08T16:34:05.075281"}, {"id": 11, "oauth_id": null, "name": "mzayed", "password": "$bcrypt-sha256$2b,12$FTzau7/N.xx5nagcT2Fj3.$eg6hMj.PHV8t09KSFqkDfj340h25qLq", "email": "mzayed@eagles.ewu.edu", "type": "user", "secret": null, "website": null, "affiliation": null, "country": null, "bracket": null, "hidden": false, "banned": false, "verified": false, "team_id": 7, "created": "2020-02-08T16:34:13.840478"}, {"id": 12, "oauth_id": null, "name": "jude", "password": "$bcrypt-sha256$2b,12$lCLjxGyBoS914kjKCFBFzu$fll04R0p.qxmFcgrBpi4XR0X3fqYWkG", "email": "jude.battista@gmail.com", "type": "user", "secret": null, "website": null, "affiliation": null, "country": null, "bracket": null, "hidden": false, "banned": false, "verified": false, "team_id": null, "created": "2020-02-08T16:35:17.705711"}, {"id": 13, "oauth_id": null, "name": "wh1t3dr4g0n", "password": "$bcrypt-sha256$2b,12$VPfqGJR.RaGB6aHj23.sWu$CvO1ygA5MQmrYl4XJ3EIISDOZfaJD7O", "email": "nathaniel.graham114@gmail.com", "type": "user", "secret": null, "website": null, "affiliation": null, "country": null, "bracket": null, "hidden": false, "banned": false, "verified": false, "team_id": 2, "created": "2020-02-08T16:37:06.631731"}, {"id": 14, "oauth_id": null, "name": "kmateo", "password": "$bcrypt-sha256$2b,12$L6UCaYrLG5vrMNOMsJSyjO$iZxQ2pRorUez2UcUrNQomW8kfNMiwUq", "email": "kmateo@eagles.ewu.edu", "type": "user", "secret": null, "website": null, "affiliation": "Eastern Washington University", "country": "US", "bracket": null, "hidden": false, "banned": false, "verified": false, "team_id": 7, "created": "2020-02-08T16:37:45.865404"}, {"id": 15, "oauth_id": null, "name": "redakted", "password": "$bcrypt-sha256$2b,12$cd5aoPTHMf1YGIhWDjZgOe$ecMbgx1QNV9/x99BekByAe6mSNpNWv.", "email": "danw.career@gmail.com", "type": "user", "secret": null, "website": null, "affiliation": null, "country": null, "bracket": null, "hidden": false, "banned": false, "verified": false, "team_id": 5, "created": "2020-02-08T16:38:34.263514"}, {"id": 16, "oauth_id": null, "name": "smaxa", "password": "$bcrypt-sha256$2b,12$yBTtrmLWvjYYI4zfiZQTye$htyt3ThcWUYKA/o0pfTPA/PE5iaxwcm", "email": "smaxa20@my.whitworth.edu", "type": "user", "secret": null, "website": null, "affiliation": null, "country": null, "bracket": null, "hidden": false, "banned": false, "verified": false, "team_id": 2, "created": "2020-02-08T16:40:42.230677"}, {"id": 17, "oauth_id": null, "name": "CruxN3T", "password": "$bcrypt-sha256$2b,12$O40kUmSU2WV/ZfEIjlcOf.$h7ZlmTG9OQjHaBJzi58Zay1xphmURAm", "email": "juanlford@protonmail.com", "type": "user", "secret": null, "website": null, "affiliation": null, "country": null, "bracket": null, "hidden": false, "banned": false, "verified": false, "team_id": 5, "created": "2020-02-08T16:41:07.044721"}, {"id": 18, "oauth_id": null, "name": "KCunningham", "password": "$bcrypt-sha256$2b,12$auI/4NxJtwOE/UYVz1mDPu$ssL03zC6MWmG4WvZIzs8ojLF8eX5A1O", "email": "kcunningham20@my.whitworth.edu", "type": "user", "secret": null, "website": null, "affiliation": null, "country": null, "bracket": null, "hidden": false, "banned": false, "verified": false, "team_id": 2, "created": "2020-02-08T16:41:12.335153"}, {"id": 19, "oauth_id": null, "name": "Bracegirdles and Proudfoots", "password": "$bcrypt-sha256$2b,12$3yo8WM7VUygpCZBJo3HZXO$oL5MRMbp1FJOqmXL3Wd5MqeQ/PQBTqK", "email": "axxic3@gmail.com", "type": "user", "secret": null, "website": null, "affiliation": null, "country": null, "bracket": null, "hidden": false, "banned": false, "verified": false, "team_id": null, "created": "2020-02-08T16:41:23.138017"}, {"id": 20, "oauth_id": null, "name": "Midnight", "password": "$bcrypt-sha256$2b,12$YZm9tnp9oT6R.bXce0L0tO$cP78CDzK/A5Sca3zwMNQaOJFYaN2yLS", "email": "abbott0scott0@gmail.com", "type": "user", "secret": null, "website": null, "affiliation": null, "country": null, "bracket": null, "hidden": false, "banned": false, "verified": false, "team_id": 5, "created": "2020-02-08T16:41:55.597669"}, {"id": 21, "oauth_id": null, "name": "FancySauce", "password": "$bcrypt-sha256$2b,12$LgeQo7sx9NEPTFe2v0iRJe$8EmeNDTAweJ4UHHwdT.AWPCi6J3B8Pi", "email": "student110@protonmail.com", "type": "user", "secret": null, "website": null, "affiliation": null, "country": null, "bracket": null, "hidden": false, "banned": false, "verified": false, "team_id": 5, "created": "2020-02-08T16:47:40.206494"}, {"id": 22, "oauth_id": null, "name": "LunaDearLord", "password": "$bcrypt-sha256$2b,12$5eMflCk4pHDgtOP5xzztbO$UvbcEhnDN7FURqq8NRpyZi3uTUfjtv2", "email": "lunalord@eagles.ewu.edu", "type": "user", "secret": null, "website": null, "affiliation": null, "country": null, "bracket": null, "hidden": false, "banned": false, "verified": false, "team_id": 6, "created": "2020-02-08T16:48:40.770297"}, {"id": 23, "oauth_id": null, "name": "dfairchild", "password": "$bcrypt-sha256$2b,12$acTR24YoUlVhP6comuAQxO$0fSFIvzuQEUz6nrdfYlaqfaxxPakfDm", "email": "dfairchild@zagmail.gonzaga.edu", "type": "user", "secret": null, "website": null, "affiliation": null, "country": "", "bracket": null, "hidden": false, "banned": false, "verified": false, "team_id": 4, "created": "2020-02-08T16:49:34.414492"}, {"id": 24, "oauth_id": null, "name": "kmattappally", "password": "$bcrypt-sha256$2b,12$yz2a5Ji/A/oGdOD5UYhfJ.$XfficMnFfBJr8XSh2uMLJ4zY0.sPA7u", "email": "kmattappally@zagmail.gonzaga.edu", "type": "user", "secret": null, "website": null, "affiliation": null, "country": null, "bracket": null, "hidden": false, "banned": false, "verified": false, "team_id": 4, "created": "2020-02-08T16:49:36.515298"}, {"id": 25, "oauth_id": null, "name": "jkilfoyle", "password": "$bcrypt-sha256$2b,12$.1s/yhlb/fhtF0.xb6TpR.$nE9VLmPZPhOrrKShy/pq.i5xOa8b2hC", "email": "jkilfoyle@zagmail.gonzaga.edu", "type": "user", "secret": null, "website": null, "affiliation": null, "country": null, "bracket": null, "hidden": false, "banned": false, "verified": false, "team_id": 4, "created": "2020-02-08T16:49:51.501297"}, {"id": 26, "oauth_id": null, "name": "jood", "password": "$bcrypt-sha256$2b,12$UUu0/YKxQ.Jj4APJGpEbvO$9mUKGhjHuExlEg8/M08rOYggsHkFLAq", "email": "jbattista20@my.whitworth.edu", "type": "user", "secret": null, "website": null, "affiliation": null, "country": null, "bracket": null, "hidden": false, "banned": false, "verified": false, "team_id": 2, "created": "2020-02-08T16:54:20.856949"}, {"id": 27, "oauth_id": null, "name": "MoBamba3", "password": "$bcrypt-sha256$2b,12$OqBFSO5fHDdHW1eMBZ6Vie$NnuWNVSHWMyD8JUyBrT5nr2l8PXFuMy", "email": "ethanwolctt@gmail.com", "type": "user", "secret": null, "website": null, "affiliation": null, "country": null, "bracket": null, "hidden": false, "banned": false, "verified": false, "team_id": null, "created": "2020-02-08T17:07:13.543474"}, {"id": 28, "oauth_id": null, "name": "Jeff", "password": "$bcrypt-sha256$2b,12$80Bsgr7d.INVrv/KAwPUiu$CEJ19WFC/Nnn68Y2hqdx8OMJYYSOojq", "email": "shanemoore2470@gmail.com", "type": "user", "secret": null, "website": null, "affiliation": null, "country": null, "bracket": null, "hidden": false, "banned": false, "verified": false, "team_id": 4, "created": "2020-02-08T17:07:26.012790"}, {"id": 29, "oauth_id": null, "name": "Gingervitis", "password": "$bcrypt-sha256$2b,12$Z3/XikI94UxNJcJNRXuphe$1Sro3X3ow8hAAdgn6nR9PHzaXYXiP9a", "email": "gmix@eagles.ewu.edu", "type": "user", "secret": null, "website": null, "affiliation": null, "country": null, "bracket": null, "hidden": false, "banned": false, "verified": false, "team_id": null, "created": "2020-02-08T17:13:51.069061"}, {"id": 30, "oauth_id": null, "name": "gmix", "password": "$bcrypt-sha256$2b,12$Vte2LMdZZxtb6m.kMrnZxe$tAF8ts1NtK4Ngl/n.aNYHonn7IuDtLa", "email": "graham.mix@hotmail.com", "type": "user", "secret": null, "website": null, "affiliation": null, "country": null, "bracket": null, "hidden": false, "banned": false, "verified": false, "team_id": 7, "created": "2020-02-08T17:15:14.497292"}], "meta": {}}