{"count": 38, "results": [{"id": 1, "type": "standard", "challenge_id": 1, "content": "<a href=\"https://www.guru99.com/file-permissions.html#targetText=Linux%20divides%20the%20file%20permissions,ownership%20of%20a%20file%2Fdirectory\">Linux File Permissions</a>.", "cost": 0, "requirements": null}, {"id": 2, "type": "standard", "challenge_id": 1, "content": "<a href=\"https://en.wikipedia.org/wiki/Setuid\">SetUID bit</a>.", "cost": 0, "requirements": null}, {"id": 3, "type": "standard", "challenge_id": 1, "content": " Reading the f!%king manual!", "cost": 0, "requirements": null}, {"id": 4, "type": "standard", "challenge_id": 4, "content": " How do unsigned and signed integers work?", "cost": 0, "requirements": null}, {"id": 5, "type": "standard", "challenge_id": 4, "content": "This bug existed in the original Pokemon games (blue, red, green and yellow) :)", "cost": 0, "requirements": null}, {"id": 6, "type": "standard", "challenge_id": 7, "content": "Memory Corruption Hint: Heaps can be inconsistent in where memory is allocated", "cost": 0, "requirements": null}, {"id": 7, "type": "standard", "challenge_id": 7, "content": "What is a uaf: use-after-free. ", "cost": 0, "requirements": null}, {"id": 8, "type": "standard", "challenge_id": 9, "content": "There are multiple ways to do this challenge. What was needed in order to solve this challenge?\r\n\r\n<ul>\r\n<li>Understanding of how stack and assembly works.</li>\r\n<li>gdb: x/20x $ebp, disas func, break *0xaddress, continue, run.</li>\r\n<li>python -c will run python commands in line. For instance, <code> python -c 'print \"A\" * 4\"' | ./auth </code> will output 4 into the binary auth as the input.</li>\r\n<li>Endianness (big vs little)</li>\r\n<li>Stack overflow (for your easiness to google :))</li>\r\n</ul>", "cost": 0, "requirements": null}, {"id": 9, "type": "standard", "challenge_id": 10, "content": "Wilcards are amazing (?,*)", "cost": 0, "requirements": null}, {"id": 10, "type": "standard", "challenge_id": 10, "content": "Using grep to find the flag preface 'flg{' is a good idea  in order to make finding the flag easier. ", "cost": 0, "requirements": null}, {"id": 11, "type": "standard", "challenge_id": 12, "content": "How are sessions handled within the browser?", "cost": 0, "requirements": null}, {"id": 12, "type": "standard", "challenge_id": 12, "content": "What is base64 encoding? ", "cost": 0, "requirements": null}, {"id": 13, "type": "standard", "challenge_id": 13, "content": "https://linux.die.net/man/2/time", "cost": 0, "requirements": null}, {"id": 14, "type": "standard", "challenge_id": 13, "content": "The passcode has 8 characters", "cost": 0, "requirements": null}, {"id": 15, "type": "standard", "challenge_id": 13, "content": "Can you spot the difference between the passcodes 987654321 and 19999999?", "cost": 0, "requirements": null}, {"id": 16, "type": "standard", "challenge_id": 14, "content": "https://cwe.mitre.org/data/definitions/601.html", "cost": 0, "requirements": null}, {"id": 17, "type": "standard", "challenge_id": 15, "content": "What is SQL? ", "cost": 0, "requirements": null}, {"id": 18, "type": "standard", "challenge_id": 15, "content": "What is a common SQL error? ", "cost": 0, "requirements": null}, {"id": 19, "type": "standard", "challenge_id": 16, "content": "What is HTML? \r\nWhat is XSS? ", "cost": 0, "requirements": null}, {"id": 20, "type": "standard", "challenge_id": 19, "content": "You are going to need to do some programming in order to solve this problem.", "cost": 0, "requirements": null}, {"id": 21, "type": "standard", "challenge_id": 23, "content": "Combinations and Permutations", "cost": 0, "requirements": null}, {"id": 22, "type": "standard", "challenge_id": 24, "content": "Generate unique 10-nucleobase long sequences by finding a cartesian product", "cost": 0, "requirements": null}, {"id": 23, "type": "standard", "challenge_id": 24, "content": "If your_fav_lang == \"python\": use hashlib.md5(sequence.encode()).hexdigest() for each sequence you generated.", "cost": 0, "requirements": null}, {"id": 24, "type": "standard", "challenge_id": 26, "content": "The best way to view the traffic is Wireshark. ", "cost": 0, "requirements": null}, {"id": 25, "type": "standard", "challenge_id": 26, "content": "The username and password are base64'ed together. ", "cost": 0, "requirements": null}, {"id": 26, "type": "standard", "challenge_id": 29, "content": "This command may take a while... So, please be patient. ", "cost": 0, "requirements": null}, {"id": 27, "type": "standard", "challenge_id": 30, "content": "In order to make this work properly, use the <b>--profile</b> flag with the answer from the previous problem. ", "cost": 0, "requirements": null}, {"id": 28, "type": "standard", "challenge_id": 32, "content": "Just use google :) ", "cost": 0, "requirements": null}, {"id": 29, "type": "standard", "challenge_id": 33, "content": "Use procdump to get the image first. ", "cost": 0, "requirements": null}, {"id": 30, "type": "standard", "challenge_id": 33, "content": "https://github.com/volatilityfoundation/volatility/wiki/Command-Reference#procdump", "cost": 0, "requirements": null}, {"id": 31, "type": "standard", "challenge_id": 33, "content": "md5 is a hashing algorithm", "cost": 0, "requirements": null}, {"id": 32, "type": "standard", "challenge_id": 34, "content": "<a href=\"https://www.virustotal.com/gui/home/upload\">Virus Total</a>", "cost": 0, "requirements": null}, {"id": 33, "type": "standard", "challenge_id": 36, "content": "This bug appeared in Winrar within the last year.", "cost": 0, "requirements": null}, {"id": 34, "type": "standard", "challenge_id": 37, "content": "https://linux.die.net/man/1/wc", "cost": 0, "requirements": null}, {"id": 35, "type": "standard", "challenge_id": 38, "content": "https://linux.die.net/man/1/wc", "cost": 0, "requirements": null}, {"id": 36, "type": "standard", "challenge_id": 41, "content": "https://www.whatismyipaddress.com/", "cost": 0, "requirements": null}, {"id": 37, "type": "standard", "challenge_id": 42, "content": "Razer and Blade ", "cost": 0, "requirements": null}, {"id": 38, "type": "standard", "challenge_id": 42, "content": "Hackers, the movie", "cost": 0, "requirements": null}], "meta": {}}