{"count": 2, "results": [{"id": 1, "oauth_id": null, "name": "mdulin2", "password": "$bcrypt-sha256$2b,12$DiaXN3Xw9VnZiJ8FTALwRO$ErvKe7YbAUkoEZ09UOXrUbzt7.rrubK", "email": "dulinmax@outlook.com", "type": "admin", "secret": null, "website": null, "affiliation": null, "country": null, "bracket": null, "hidden": true, "banned": false, "verified": false, "team_id": 1, "created": "2020-01-12T22:15:58.689252"}, {"id": 2, "oauth_id": null, "name": "mdulin3", "password": "$bcrypt-sha256$2b,12$vRlNo3wJPR5dan17mu/Hz.$QJNYKK6c2s1wZo4dT5QFIyuvAQ/F/0W", "email": "mdulin2@zagmail.gonzaga.edu", "type": "user", "secret": null, "website": null, "affiliation": null, "country": null, "bracket": null, "hidden": false, "banned": false, "verified": false, "team_id": null, "created": "2020-02-07T05:25:01.800854"}], "meta": {}}