{"count": 42, "results": [{"id": 1, "challenge_id": 1, "type": "static", "content": "flg{file_perms_are+fun!}", "data": ""}, {"id": 2, "challenge_id": 3, "type": "static", "content": "flg{N1ce70bHAc5er}", "data": ""}, {"id": 3, "challenge_id": 4, "type": "static", "content": "flg{integer_underflows_are_fun!}", "data": ""}, {"id": 4, "challenge_id": 5, "type": "static", "content": "flg{first_flg!}", "data": ""}, {"id": 5, "challenge_id": 6, "type": "static", "content": "flg{you_are_a_linux_gururururu}", "data": ""}, {"id": 6, "challenge_id": 7, "type": "static", "content": "flg{use_after_Fr33.Be_g0n3_satan}", "data": ""}, {"id": 7, "challenge_id": 8, "type": "static", "content": "flg{grep_is_so_cool!}", "data": ""}, {"id": 8, "challenge_id": 9, "type": "static", "content": "flg{stack_smashing_for_fun_and_profit}", "data": ""}, {"id": 9, "challenge_id": 10, "type": "static", "content": "flg{out_in_the_wildwest}", "data": ""}, {"id": 10, "challenge_id": 11, "type": "static", "content": "flg{SQLi_1s_fUn}", "data": ""}, {"id": 11, "challenge_id": 12, "type": "static", "content": "flg{randomness_and_crypt0_is_hard}", "data": ""}, {"id": 12, "challenge_id": 13, "type": "static", "content": "12348219", "data": ""}, {"id": 13, "challenge_id": 14, "type": "static", "content": "flg{these_are_badddd_and_obvious}", "data": ""}, {"id": 14, "challenge_id": 15, "type": "static", "content": "flg{sqli_is_super_fun!}", "data": ""}, {"id": 15, "challenge_id": 16, "type": "static", "content": "flg{crisscr0ss}", "data": ""}, {"id": 16, "challenge_id": 17, "type": "static", "content": "flg{remote_code_execution:)}", "data": ""}, {"id": 17, "challenge_id": 18, "type": "static", "content": "flg{diffie_hellman_key_exchance}", "data": ""}, {"id": 19, "challenge_id": 20, "type": "static", "content": "flg{cesar_was_a_genius}", "data": ""}, {"id": 20, "challenge_id": 21, "type": "static", "content": "6-4-5", "data": ""}, {"id": 21, "challenge_id": 22, "type": "static", "content": "B,C", "data": "case_insensitive"}, {"id": 22, "challenge_id": 23, "type": "static", "content": "32767", "data": ""}, {"id": 23, "challenge_id": 24, "type": "static", "content": "AATGTACACT", "data": ""}, {"id": 24, "challenge_id": 25, "type": "static", "content": "from the north", "data": "case_insensitive"}, {"id": 25, "challenge_id": 26, "type": "static", "content": "YWRtaW46MTIzNDU=", "data": ""}, {"id": 26, "challenge_id": 27, "type": "static", "content": "MerryHAd71TT1323WB", "data": ""}, {"id": 27, "challenge_id": 28, "type": "static", "content": "flg{comment_comet}", "data": "case_insensitive"}, {"id": 28, "challenge_id": 29, "type": "static", "content": "Win7SP1x64", "data": "case_insensitive"}, {"id": 29, "challenge_id": 30, "type": "static", "content": "1860", "data": ""}, {"id": 30, "challenge_id": 31, "type": "static", "content": "wmpnetwk.exe", "data": ""}, {"id": 31, "challenge_id": 32, "type": "static", "content": "rtsp", "data": ""}, {"id": 32, "challenge_id": 33, "type": "static", "content": "d55e41e669cb6527c7346232b96eae58", "data": "case_insensitive"}, {"id": 33, "challenge_id": 34, "type": "static", "content": "CrowdStrike Falcon", "data": "case_insensitive"}, {"id": 35, "challenge_id": 36, "type": "static", "content": "flg{manscape_mansaving}", "data": ""}, {"id": 36, "challenge_id": 37, "type": "static", "content": "424", "data": ""}, {"id": 37, "challenge_id": 38, "type": "static", "content": "418", "data": ""}, {"id": 38, "challenge_id": 39, "type": "static", "content": "6", "data": ""}, {"id": 39, "challenge_id": 40, "type": "static", "content": "37.204.31.33", "data": "case_insensitive"}, {"id": 40, "challenge_id": 41, "type": "static", "content": "China 399", "data": ""}, {"id": 41, "challenge_id": 42, "type": "static", "content": "planet", "data": "case_insensitive"}, {"id": 42, "challenge_id": 19, "type": "static", "content": "do this with code not by hand. Hack the planet!", "data": null}, {"id": 43, "challenge_id": 41, "type": "static", "content": "China, 399", "data": null}, {"id": 44, "challenge_id": 27, "type": "static", "content": "MerryHAd71TT13123WB", "data": null}], "meta": {}}