{"count": 226, "results": [{"id": 1, "challenge_id": 42, "user_id": 5, "team_id": 7}, {"id": 24, "challenge_id": 5, "user_id": 10, "team_id": 10}, {"id": 26, "challenge_id": 42, "user_id": 24, "team_id": 9}, {"id": 28, "challenge_id": 20, "user_id": 6, "team_id": 7}, {"id": 31, "challenge_id": 28, "user_id": 20, "team_id": 3}, {"id": 33, "challenge_id": 42, "user_id": 10, "team_id": 10}, {"id": 36, "challenge_id": 42, "user_id": 3, "team_id": 4}, {"id": 40, "challenge_id": 21, "user_id": 27, "team_id": 6}, {"id": 61, "challenge_id": 42, "user_id": 19, "team_id": 3}, {"id": 63, "challenge_id": 20, "user_id": 29, "team_id": 6}, {"id": 71, "challenge_id": 22, "user_id": 27, "team_id": 6}, {"id": 83, "challenge_id": 42, "user_id": 15, "team_id": 6}, {"id": 84, "challenge_id": 28, "user_id": 23, "team_id": 2}, {"id": 86, "challenge_id": 5, "user_id": 19, "team_id": 3}, {"id": 90, "challenge_id": 42, "user_id": 30, "team_id": 2}, {"id": 92, "challenge_id": 21, "user_id": 20, "team_id": 3}, {"id": 93, "challenge_id": 5, "user_id": 15, "team_id": 6}, {"id": 97, "challenge_id": 22, "user_id": 20, "team_id": 3}, {"id": 99, "challenge_id": 5, "user_id": 30, "team_id": 2}, {"id": 103, "challenge_id": 6, "user_id": 15, "team_id": 6}, {"id": 105, "challenge_id": 3, "user_id": 18, "team_id": 3}, {"id": 106, "challenge_id": 8, "user_id": 15, "team_id": 6}, {"id": 107, "challenge_id": 37, "user_id": 26, "team_id": 6}, {"id": 110, "challenge_id": 6, "user_id": 19, "team_id": 3}, {"id": 113, "challenge_id": 5, "user_id": 8, "team_id": 7}, {"id": 114, "challenge_id": 28, "user_id": 3, "team_id": 4}, {"id": 117, "challenge_id": 28, "user_id": 22, "team_id": 6}, {"id": 131, "challenge_id": 21, "user_id": 23, "team_id": 2}, {"id": 132, "challenge_id": 3, "user_id": 10, "team_id": 10}, {"id": 143, "challenge_id": 21, "user_id": 16, "team_id": 4}, {"id": 146, "challenge_id": 20, "user_id": 31, "team_id": 10}, {"id": 151, "challenge_id": 6, "user_id": 5, "team_id": 7}, {"id": 152, "challenge_id": 22, "user_id": 23, "team_id": 2}, {"id": 154, "challenge_id": 8, "user_id": 19, "team_id": 3}, {"id": 158, "challenge_id": 6, "user_id": 30, "team_id": 2}, {"id": 166, "challenge_id": 8, "user_id": 30, "team_id": 2}, {"id": 169, "challenge_id": 22, "user_id": 16, "team_id": 4}, {"id": 170, "challenge_id": 25, "user_id": 29, "team_id": 6}, {"id": 173, "challenge_id": 23, "user_id": 20, "team_id": 3}, {"id": 179, "challenge_id": 5, "user_id": 3, "team_id": 4}, {"id": 182, "challenge_id": 21, "user_id": 11, "team_id": 10}, {"id": 185, "challenge_id": 6, "user_id": 3, "team_id": 4}, {"id": 188, "challenge_id": 28, "user_id": 25, "team_id": 9}, {"id": 192, "challenge_id": 25, "user_id": 8, "team_id": 7}, {"id": 195, "challenge_id": 6, "user_id": 10, "team_id": 10}, {"id": 196, "challenge_id": 37, "user_id": 21, "team_id": 2}, {"id": 199, "challenge_id": 37, "user_id": 16, "team_id": 4}, {"id": 200, "challenge_id": 5, "user_id": 25, "team_id": 9}, {"id": 201, "challenge_id": 25, "user_id": 31, "team_id": 10}, {"id": 202, "challenge_id": 38, "user_id": 16, "team_id": 4}, {"id": 204, "challenge_id": 39, "user_id": 16, "team_id": 4}, {"id": 205, "challenge_id": 8, "user_id": 10, "team_id": 10}, {"id": 206, "challenge_id": 8, "user_id": 3, "team_id": 4}, {"id": 214, "challenge_id": 37, "user_id": 10, "team_id": 10}, {"id": 217, "challenge_id": 25, "user_id": 18, "team_id": 3}, {"id": 221, "challenge_id": 38, "user_id": 32, "team_id": 2}, {"id": 224, "challenge_id": 22, "user_id": 11, "team_id": 10}, {"id": 228, "challenge_id": 37, "user_id": 8, "team_id": 7}, {"id": 229, "challenge_id": 38, "user_id": 26, "team_id": 6}, {"id": 230, "challenge_id": 39, "user_id": 32, "team_id": 2}, {"id": 234, "challenge_id": 23, "user_id": 11, "team_id": 10}, {"id": 235, "challenge_id": 39, "user_id": 26, "team_id": 6}, {"id": 237, "challenge_id": 24, "user_id": 27, "team_id": 6}, {"id": 240, "challenge_id": 38, "user_id": 6, "team_id": 7}, {"id": 241, "challenge_id": 23, "user_id": 23, "team_id": 2}, {"id": 242, "challenge_id": 39, "user_id": 6, "team_id": 7}, {"id": 243, "challenge_id": 38, "user_id": 10, "team_id": 10}, {"id": 245, "challenge_id": 40, "user_id": 16, "team_id": 4}, {"id": 248, "challenge_id": 39, "user_id": 10, "team_id": 10}, {"id": 249, "challenge_id": 23, "user_id": 27, "team_id": 6}, {"id": 252, "challenge_id": 3, "user_id": 25, "team_id": 9}, {"id": 253, "challenge_id": 6, "user_id": 25, "team_id": 9}, {"id": 255, "challenge_id": 3, "user_id": 27, "team_id": 6}, {"id": 273, "challenge_id": 8, "user_id": 24, "team_id": 9}, {"id": 274, "challenge_id": 40, "user_id": 32, "team_id": 2}, {"id": 276, "challenge_id": 19, "user_id": 29, "team_id": 6}, {"id": 278, "challenge_id": 40, "user_id": 6, "team_id": 7}, {"id": 296, "challenge_id": 39, "user_id": 25, "team_id": 9}, {"id": 300, "challenge_id": 38, "user_id": 25, "team_id": 9}, {"id": 301, "challenge_id": 37, "user_id": 25, "team_id": 9}, {"id": 302, "challenge_id": 27, "user_id": 18, "team_id": 3}, {"id": 307, "challenge_id": 26, "user_id": 10, "team_id": 10}, {"id": 308, "challenge_id": 26, "user_id": 26, "team_id": 6}, {"id": 309, "challenge_id": 20, "user_id": 25, "team_id": 9}, {"id": 320, "challenge_id": 20, "user_id": 18, "team_id": 3}, {"id": 326, "challenge_id": 41, "user_id": 32, "team_id": 2}, {"id": 337, "challenge_id": 37, "user_id": 18, "team_id": 3}, {"id": 338, "challenge_id": 38, "user_id": 18, "team_id": 3}, {"id": 339, "challenge_id": 39, "user_id": 18, "team_id": 3}, {"id": 342, "challenge_id": 26, "user_id": 21, "team_id": 2}, {"id": 362, "challenge_id": 40, "user_id": 10, "team_id": 10}, {"id": 366, "challenge_id": 25, "user_id": 25, "team_id": 9}, {"id": 370, "challenge_id": 26, "user_id": 5, "team_id": 7}, {"id": 380, "challenge_id": 1, "user_id": 19, "team_id": 3}, {"id": 383, "challenge_id": 10, "user_id": 27, "team_id": 6}, {"id": 384, "challenge_id": 10, "user_id": 30, "team_id": 2}, {"id": 389, "challenge_id": 25, "user_id": 32, "team_id": 2}, {"id": 391, "challenge_id": 41, "user_id": 6, "team_id": 7}, {"id": 392, "challenge_id": 20, "user_id": 30, "team_id": 2}, {"id": 393, "challenge_id": 27, "user_id": 31, "team_id": 10}, {"id": 399, "challenge_id": 1, "user_id": 25, "team_id": 9}, {"id": 412, "challenge_id": 40, "user_id": 26, "team_id": 6}, {"id": 414, "challenge_id": 1, "user_id": 3, "team_id": 4}, {"id": 415, "challenge_id": 1, "user_id": 10, "team_id": 10}, {"id": 419, "challenge_id": 12, "user_id": 5, "team_id": 7}, {"id": 427, "challenge_id": 1, "user_id": 15, "team_id": 6}, {"id": 436, "challenge_id": 24, "user_id": 11, "team_id": 10}, {"id": 441, "challenge_id": 41, "user_id": 26, "team_id": 6}, {"id": 443, "challenge_id": 8, "user_id": 8, "team_id": 7}, {"id": 446, "challenge_id": 27, "user_id": 22, "team_id": 6}, {"id": 448, "challenge_id": 1, "user_id": 6, "team_id": 7}, {"id": 449, "challenge_id": 29, "user_id": 16, "team_id": 4}, {"id": 452, "challenge_id": 7, "user_id": 29, "team_id": 6}, {"id": 454, "challenge_id": 25, "user_id": 33, "team_id": 4}, {"id": 455, "challenge_id": 10, "user_id": 28, "team_id": 9}, {"id": 456, "challenge_id": 12, "user_id": 24, "team_id": 9}, {"id": 459, "challenge_id": 20, "user_id": 33, "team_id": 4}, {"id": 462, "challenge_id": 12, "user_id": 11, "team_id": 10}, {"id": 470, "challenge_id": 26, "user_id": 19, "team_id": 3}, {"id": 474, "challenge_id": 19, "user_id": 18, "team_id": 3}, {"id": 476, "challenge_id": 27, "user_id": 30, "team_id": 2}, {"id": 479, "challenge_id": 21, "user_id": 28, "team_id": 9}, {"id": 490, "challenge_id": 19, "user_id": 31, "team_id": 10}, {"id": 492, "challenge_id": 22, "user_id": 28, "team_id": 9}, {"id": 493, "challenge_id": 41, "user_id": 25, "team_id": 9}, {"id": 499, "challenge_id": 27, "user_id": 24, "team_id": 9}, {"id": 510, "challenge_id": 40, "user_id": 25, "team_id": 9}, {"id": 517, "challenge_id": 40, "user_id": 19, "team_id": 3}, {"id": 519, "challenge_id": 41, "user_id": 11, "team_id": 10}, {"id": 526, "challenge_id": 18, "user_id": 8, "team_id": 7}, {"id": 529, "challenge_id": 28, "user_id": 31, "team_id": 10}, {"id": 530, "challenge_id": 30, "user_id": 16, "team_id": 4}, {"id": 533, "challenge_id": 4, "user_id": 15, "team_id": 6}, {"id": 534, "challenge_id": 41, "user_id": 19, "team_id": 3}, {"id": 535, "challenge_id": 27, "user_id": 8, "team_id": 7}, {"id": 537, "challenge_id": 41, "user_id": 33, "team_id": 4}, {"id": 539, "challenge_id": 29, "user_id": 15, "team_id": 6}, {"id": 545, "challenge_id": 7, "user_id": 18, "team_id": 3}, {"id": 546, "challenge_id": 23, "user_id": 16, "team_id": 4}, {"id": 555, "challenge_id": 29, "user_id": 7, "team_id": 7}, {"id": 560, "challenge_id": 14, "user_id": 21, "team_id": 2}, {"id": 561, "challenge_id": 23, "user_id": 28, "team_id": 9}, {"id": 565, "challenge_id": 31, "user_id": 16, "team_id": 4}, {"id": 566, "challenge_id": 30, "user_id": 15, "team_id": 6}, {"id": 567, "challenge_id": 3, "user_id": 6, "team_id": 7}, {"id": 572, "challenge_id": 4, "user_id": 10, "team_id": 10}, {"id": 574, "challenge_id": 12, "user_id": 32, "team_id": 2}, {"id": 575, "challenge_id": 24, "user_id": 20, "team_id": 3}, {"id": 576, "challenge_id": 31, "user_id": 15, "team_id": 6}, {"id": 579, "challenge_id": 32, "user_id": 22, "team_id": 6}, {"id": 592, "challenge_id": 27, "user_id": 3, "team_id": 4}, {"id": 596, "challenge_id": 29, "user_id": 10, "team_id": 10}, {"id": 597, "challenge_id": 21, "user_id": 6, "team_id": 7}, {"id": 600, "challenge_id": 18, "user_id": 30, "team_id": 2}, {"id": 622, "challenge_id": 22, "user_id": 6, "team_id": 7}, {"id": 632, "challenge_id": 33, "user_id": 15, "team_id": 6}, {"id": 636, "challenge_id": 18, "user_id": 31, "team_id": 10}, {"id": 638, "challenge_id": 34, "user_id": 15, "team_id": 6}, {"id": 641, "challenge_id": 14, "user_id": 19, "team_id": 3}, {"id": 643, "challenge_id": 30, "user_id": 10, "team_id": 10}, {"id": 644, "challenge_id": 30, "user_id": 7, "team_id": 7}, {"id": 648, "challenge_id": 14, "user_id": 24, "team_id": 9}, {"id": 649, "challenge_id": 7, "user_id": 11, "team_id": 10}, {"id": 651, "challenge_id": 31, "user_id": 10, "team_id": 10}, {"id": 655, "challenge_id": 12, "user_id": 19, "team_id": 3}, {"id": 657, "challenge_id": 32, "user_id": 16, "team_id": 4}, {"id": 658, "challenge_id": 32, "user_id": 10, "team_id": 10}, {"id": 659, "challenge_id": 31, "user_id": 7, "team_id": 7}, {"id": 662, "challenge_id": 26, "user_id": 3, "team_id": 4}, {"id": 668, "challenge_id": 12, "user_id": 29, "team_id": 6}, {"id": 671, "challenge_id": 26, "user_id": 25, "team_id": 9}, {"id": 672, "challenge_id": 29, "user_id": 21, "team_id": 2}, {"id": 673, "challenge_id": 18, "user_id": 3, "team_id": 4}, {"id": 678, "challenge_id": 15, "user_id": 31, "team_id": 10}, {"id": 683, "challenge_id": 18, "user_id": 22, "team_id": 6}, {"id": 686, "challenge_id": 32, "user_id": 7, "team_id": 7}, {"id": 695, "challenge_id": 33, "user_id": 17, "team_id": 4}, {"id": 698, "challenge_id": 24, "user_id": 28, "team_id": 9}, {"id": 699, "challenge_id": 34, "user_id": 17, "team_id": 4}, {"id": 700, "challenge_id": 30, "user_id": 21, "team_id": 2}, {"id": 704, "challenge_id": 1, "user_id": 30, "team_id": 2}, {"id": 705, "challenge_id": 3, "user_id": 3, "team_id": 4}, {"id": 707, "challenge_id": 4, "user_id": 32, "team_id": 2}, {"id": 708, "challenge_id": 15, "user_id": 24, "team_id": 9}, {"id": 710, "challenge_id": 33, "user_id": 10, "team_id": 10}, {"id": 718, "challenge_id": 34, "user_id": 10, "team_id": 10}, {"id": 719, "challenge_id": 18, "user_id": 18, "team_id": 3}, {"id": 723, "challenge_id": 9, "user_id": 18, "team_id": 3}, {"id": 726, "challenge_id": 15, "user_id": 30, "team_id": 2}, {"id": 727, "challenge_id": 31, "user_id": 21, "team_id": 2}, {"id": 729, "challenge_id": 32, "user_id": 21, "team_id": 2}, {"id": 730, "challenge_id": 10, "user_id": 3, "team_id": 4}, {"id": 732, "challenge_id": 11, "user_id": 27, "team_id": 6}, {"id": 733, "challenge_id": 29, "user_id": 19, "team_id": 3}, {"id": 734, "challenge_id": 33, "user_id": 7, "team_id": 7}, {"id": 736, "challenge_id": 14, "user_id": 22, "team_id": 6}, {"id": 740, "challenge_id": 17, "user_id": 30, "team_id": 2}, {"id": 741, "challenge_id": 4, "user_id": 5, "team_id": 7}, {"id": 742, "challenge_id": 7, "user_id": 3, "team_id": 4}, {"id": 743, "challenge_id": 10, "user_id": 18, "team_id": 3}, {"id": 744, "challenge_id": 30, "user_id": 19, "team_id": 3}, {"id": 745, "challenge_id": 34, "user_id": 7, "team_id": 7}, {"id": 758, "challenge_id": 15, "user_id": 27, "team_id": 6}, {"id": 760, "challenge_id": 4, "user_id": 28, "team_id": 9}, {"id": 761, "challenge_id": 31, "user_id": 19, "team_id": 3}, {"id": 765, "challenge_id": 32, "user_id": 19, "team_id": 3}, {"id": 768, "challenge_id": 15, "user_id": 5, "team_id": 7}, {"id": 776, "challenge_id": 14, "user_id": 17, "team_id": 4}, {"id": 782, "challenge_id": 28, "user_id": 7, "team_id": 7}, {"id": 783, "challenge_id": 16, "user_id": 30, "team_id": 2}, {"id": 784, "challenge_id": 13, "user_id": 31, "team_id": 10}, {"id": 790, "challenge_id": 33, "user_id": 21, "team_id": 2}, {"id": 791, "challenge_id": 4, "user_id": 3, "team_id": 4}, {"id": 802, "challenge_id": 23, "user_id": 6, "team_id": 7}, {"id": 803, "challenge_id": 33, "user_id": 19, "team_id": 3}, {"id": 805, "challenge_id": 34, "user_id": 19, "team_id": 3}, {"id": 806, "challenge_id": 34, "user_id": 21, "team_id": 2}, {"id": 809, "challenge_id": 18, "user_id": 28, "team_id": 9}, {"id": 817, "challenge_id": 17, "user_id": 7, "team_id": 7}, {"id": 819, "challenge_id": 15, "user_id": 19, "team_id": 3}, {"id": 822, "challenge_id": 13, "user_id": 26, "team_id": 6}, {"id": 824, "challenge_id": 24, "user_id": 23, "team_id": 2}, {"id": 825, "challenge_id": 9, "user_id": 11, "team_id": 10}, {"id": 826, "challenge_id": 11, "user_id": 32, "team_id": 2}, {"id": 833, "challenge_id": 12, "user_id": 17, "team_id": 4}, {"id": 834, "challenge_id": 16, "user_id": 19, "team_id": 3}], "meta": {}}