{"count": 13, "results": [{"id": 1, "oauth_id": null, "name": "Admin Team", "email": null, "password": "$bcrypt-sha256$2b,12$hwu38pGXaJhI4rCpNPZZ3u$e.PoElvHk/vDhVSS8ibhzpIXMEwwJX6", "secret": null, "website": null, "affiliation": null, "country": null, "bracket": null, "hidden": true, "banned": false, "created": "2020-01-13T00:07:11.974480", "captain_id": 1}, {"id": 2, "oauth_id": null, "name": "Proud Proficient Pirates", "email": "shamrockoshaughnessy@gmail.com", "password": "$bcrypt-sha256$2b,12$E0qxo3qAIRxBQswVFHsOh.$QJJoET8GWjgbWJtcatPjMd1nhlDjQvO", "secret": null, "website": null, "affiliation": "Whitworth", "country": "US", "bracket": null, "hidden": false, "banned": false, "created": "2020-02-07T04:53:31.673146", "captain_id": 4}, {"id": 3, "oauth_id": null, "name": "Boomers", "email": "sbeemer2@zagmail.gonzaga.edu", "password": "$bcrypt-sha256$2b,12$DGCNPD9t5rM6KyH.qt2XFO$c/hT9Sne.8.JcKjkdWOEkOw8O.xJqjC", "secret": null, "website": null, "affiliation": "Gonzaga", "country": null, "bracket": null, "hidden": false, "banned": false, "created": "2020-02-07T05:10:38.959520", "captain_id": 18}, {"id": 4, "oauth_id": null, "name": "ARR Be Pirates", "email": "TerryY@spokaneschools.org", "password": "$bcrypt-sha256$2b,12$7tCMbtptxqfcMc0gj.piLO$CBle8vXFrUuWnjljwd2v.gcYumT3VHa", "secret": null, "website": "", "affiliation": "Rogers HS", "country": "ZW", "bracket": null, "hidden": false, "banned": false, "created": "2020-02-07T05:14:31.154407", "captain_id": 17}, {"id": 5, "oauth_id": null, "name": "No team name, but a team\u00a0", "email": "tcall@zagmail.gonzaga.edu", "password": "$bcrypt-sha256$2b,12$llA5I.2HPBiMIC6Brf6V1u$5On99kCClpRy/8Jf5AYXeN.29MATiVO", "secret": null, "website": null, "affiliation": "Gonzaga", "country": null, "bracket": null, "hidden": false, "banned": false, "created": "2020-02-07T05:15:45.098550", "captain_id": null}, {"id": 6, "oauth_id": null, "name": "Memory Mongers", "email": "jettstreet@gmail.com", "password": "$bcrypt-sha256$2b,12$NajysFYW9QNF96uc/6Nkfe$ZVSMFBjayc/AuZpwbkFTVM/dAgNO09O", "secret": null, "website": null, "affiliation": "North Central High School", "country": null, "bracket": null, "hidden": false, "banned": false, "created": "2020-02-07T05:16:40.989168", "captain_id": 15}, {"id": 7, "oauth_id": null, "name": "Exceding Flux Capcity", "email": "dlmalone@students.nic.edu", "password": "$bcrypt-sha256$2b,12$XJJGpB.LclQ3A/GCjswhje$PDFPvb2WAzhXQBwhBO3vlTlBOIabMYW", "secret": null, "website": "", "affiliation": "North Idaho College", "country": "", "bracket": null, "hidden": false, "banned": false, "created": "2020-02-07T05:18:01.658504", "captain_id": 6}, {"id": 8, "oauth_id": null, "name": "Parley Jude's Law", "email": "jude.battista@gmail.com", "password": "$bcrypt-sha256$2b,12$fn1mFaZy7lT1jMRiV2LeCu$biI.LGVRlIuE2kHmfwxHXQQ8WloiHRe", "secret": null, "website": null, "affiliation": "Whitworth", "country": null, "bracket": null, "hidden": false, "banned": false, "created": "2020-02-07T05:24:14.948873", "captain_id": null}, {"id": 9, "oauth_id": null, "name": "Samsquanches with Sammiches", "email": "lazcano117@live.com", "password": "$bcrypt-sha256$2b,12$GugJmQVD6ElROs4KN6s3r.$AvxEOdF5AYg.RyaFIANS7D73VqF5p02", "secret": null, "website": null, "affiliation": "Spokane Falls CC", "country": null, "bracket": null, "hidden": false, "banned": false, "created": "2020-02-07T07:12:57.145198", "captain_id": 24}, {"id": 10, "oauth_id": null, "name": "NoTeamNameButATeam1", "email": null, "password": "$bcrypt-sha256$2b,12$2/pwuYXt.hbhX8XAQc0NhO$Yb5fx2L7w2HRf5w/jurN0tjXq9AkC5m", "secret": null, "website": null, "affiliation": null, "country": null, "bracket": null, "hidden": false, "banned": false, "created": "2020-02-08T16:40:25.415729", "captain_id": 11}, {"id": 11, "oauth_id": null, "name": "awldoub", "email": null, "password": "$bcrypt-sha256$2b,12$i4hDZvwmYMivw/9U/9exdu$PRK6mfODX9LGqrGdqAApRVSjwaiH6f.", "secret": null, "website": null, "affiliation": null, "country": null, "bracket": null, "hidden": false, "banned": false, "created": "2020-02-08T16:44:18.540175", "captain_id": 9}, {"id": 12, "oauth_id": null, "name": "awldouba", "email": null, "password": "$bcrypt-sha256$2b,12$H01iDjKKTlQOjk.dLJrq/u$Sg.dA717/xeyTFJI5okx3pM8aPnjNy.", "secret": null, "website": null, "affiliation": null, "country": null, "bracket": null, "hidden": false, "banned": false, "created": "2020-02-08T16:46:37.749504", "captain_id": 9}, {"id": 13, "oauth_id": null, "name": "\"/l, get hacked scrub\"", "email": null, "password": "$bcrypt-sha256$2b,12$SosyIBnAvdo.XJDDWGSTiu$qvSMGUwDKkSIRKmsiLR3UXZBWPI6Qm2", "secret": null, "website": null, "affiliation": null, "country": null, "bracket": null, "hidden": false, "banned": false, "created": "2020-02-08T16:47:49.298387", "captain_id": 9}], "meta": {}}