{"count": 33, "results": [{"id": 1, "oauth_id": null, "name": "mdulin2", "password": "$bcrypt-sha256$2b,12$DiaXN3Xw9VnZiJ8FTALwRO$ErvKe7YbAUkoEZ09UOXrUbzt7.rrubK", "email": "dulinmax@outlook.com", "type": "admin", "secret": null, "website": null, "affiliation": null, "country": null, "bracket": null, "hidden": true, "banned": false, "verified": false, "team_id": 1, "created": "2020-01-12T22:15:58.689252"}, {"id": 2, "oauth_id": null, "name": "mwilber", "password": "$bcrypt-sha256$2b,12$cYt/uKe0DSzhWXPcYNRFl.$8atzrD52C7cTmeBESoPK4fgoB1Bn1cq", "email": "max.wilber@gmail.com", "type": "admin", "secret": null, "website": null, "affiliation": null, "country": null, "bracket": null, "hidden": false, "banned": false, "verified": false, "team_id": null, "created": "2020-02-07T08:58:06.189487"}, {"id": 3, "oauth_id": null, "name": "amynka", "password": "$bcrypt-sha256$2b,12$MqzRCJGZX1be4eieMu68n.$Yu05ep6/Hc5zgmDYeAfJbLdx4TB3GCi", "email": "amdrey.mynka@gmail.com", "type": "user", "secret": null, "website": null, "affiliation": "I Yeet Computers, and I will Yeet you!", "country": "ZW", "bracket": null, "hidden": false, "banned": false, "verified": false, "team_id": 4, "created": "2020-02-08T16:20:39.274966"}, {"id": 4, "oauth_id": null, "name": "mdulin3", "password": "$bcrypt-sha256$2b,12$ZAKKEif9tWkPLtGQKViZOe$Hc1lwo7uerowSHQZrCDBM0RodSZHlLC", "email": "mdulin2@zagmail.gonzaga.edu", "type": "user", "secret": null, "website": null, "affiliation": null, "country": null, "bracket": null, "hidden": false, "banned": false, "verified": false, "team_id": 2, "created": "2020-02-08T16:24:09.417659"}, {"id": 5, "oauth_id": null, "name": "TactofaCactus", "password": "$bcrypt-sha256$2b,12$tMw2KGJaplDq//Y1iH23Wu$xV3suparZleglS0Y0YsclX4mAZq3iya", "email": "dlmalone@nic.edu", "type": "user", "secret": null, "website": null, "affiliation": null, "country": null, "bracket": null, "hidden": false, "banned": false, "verified": false, "team_id": 7, "created": "2020-02-08T16:31:53.694874"}, {"id": 6, "oauth_id": null, "name": "JDaanen", "password": "$bcrypt-sha256$2b,12$CkS5UvjhdbAO/oB.VH0o7u$dwDaxPIUrDxMi4MmEs4SG5sozzml7zG", "email": "jwdaanen@students.nic.edu", "type": "user", "secret": null, "website": null, "affiliation": "North Idaho College", "country": "US", "bracket": null, "hidden": false, "banned": false, "verified": false, "team_id": 7, "created": "2020-02-08T16:31:59.066133"}, {"id": 7, "oauth_id": null, "name": "Ethan T.", "password": "$bcrypt-sha256$2b,12$CKADjU2L9nqhJ3f0B7V2re$NYJp8m055cKRb0T9flMf/iIZseRlYDi", "email": "ejtverdy@nic.edu", "type": "user", "secret": null, "website": null, "affiliation": null, "country": null, "bracket": null, "hidden": false, "banned": false, "verified": false, "team_id": 7, "created": "2020-02-08T16:32:21.906637"}, {"id": 8, "oauth_id": null, "name": "StevenS", "password": "$bcrypt-sha256$2b,12$xgq./wamXIdUDt6yrzyBCO$nsgFcIWxBc9x.tDg6cA3SSDgk7Ao.qm", "email": "ssmith4@nic.edu", "type": "user", "secret": null, "website": null, "affiliation": null, "country": null, "bracket": null, "hidden": false, "banned": false, "verified": false, "team_id": 7, "created": "2020-02-08T16:32:46.756955"}, {"id": 9, "oauth_id": null, "name": "Moondog", "password": "$bcrypt-sha256$2b,12$pDcTDNeAU48/uYUjhj/wmu$K51omPFsYW.7D6aQPaTpODpqlQ9kqJC", "email": "nmooney@zagmail.gonzaga.edu", "type": "user", "secret": null, "website": null, "affiliation": null, "country": null, "bracket": null, "hidden": false, "banned": false, "verified": false, "team_id": 13, "created": "2020-02-08T16:33:51.776340"}, {"id": 10, "oauth_id": null, "name": "DanielStrub", "password": "$bcrypt-sha256$2b,12$FezQ77QSbPB6Q1Z.Mxzbu.$vhLKBWWNlCj0txEWHsn.CUNKbWhQCQm", "email": "dstrub@zagmail.gonzaga.edu", "type": "user", "secret": null, "website": null, "affiliation": null, "country": null, "bracket": null, "hidden": false, "banned": false, "verified": false, "team_id": 10, "created": "2020-02-08T16:35:55.885200"}, {"id": 11, "oauth_id": null, "name": "Tristan", "password": "$bcrypt-sha256$2b,12$pVNzz.Bvh1n4AWRwHpFL..$88U8Z7obgWMv97jXDDfs64cDu2Mv0WC", "email": "tcall@zagmail.gonzaga.edu", "type": "user", "secret": null, "website": null, "affiliation": null, "country": null, "bracket": null, "hidden": false, "banned": false, "verified": false, "team_id": 10, "created": "2020-02-08T16:35:57.530484"}, {"id": 12, "oauth_id": null, "name": "adelehasahat", "password": "$bcrypt-sha256$2b,12$3CTxigjB55FcdRDJhZJS8.$3sUAPFOtyolvviX99o3RfdbywRSAx7.", "email": "adelem@uw.edu", "type": "user", "secret": null, "website": null, "affiliation": null, "country": null, "bracket": null, "hidden": false, "banned": false, "verified": false, "team_id": null, "created": "2020-02-08T16:39:27.081279"}, {"id": 13, "oauth_id": null, "name": "lunadearlord", "password": "$bcrypt-sha256$2b,12$0vhBHrf3HZkX2iODIircGu$ewt3xYj8mEvM.IGsP6Kdy7jMv37Eyo6", "email": "lunalord@eagles.ewu.edu", "type": "user", "secret": null, "website": null, "affiliation": "Eastern Washington University", "country": "", "bracket": null, "hidden": false, "banned": false, "verified": false, "team_id": null, "created": "2020-02-08T16:40:07.692814"}, {"id": 14, "oauth_id": null, "name": "testuser", "password": "$bcrypt-sha256$2b,12$Pk9ZGmczWIPJBHSh.tyu8.$cK73mg5oN9.r1gDvTt0bdoOdPg61PgW", "email": "minterness@hotmail.com", "type": "user", "secret": null, "website": null, "affiliation": null, "country": null, "bracket": null, "hidden": false, "banned": false, "verified": false, "team_id": null, "created": "2020-02-08T16:40:37.013908"}, {"id": 15, "oauth_id": null, "name": "JonahNichols", "password": "$bcrypt-sha256$2b,12$81okJaxRR/SFq/1ppS5uVu$60FAVJwr5f/nIPZD.9Ksv6fkQhnaPqO", "email": "nicholskids.jonah@gmail.com", "type": "user", "secret": null, "website": null, "affiliation": null, "country": null, "bracket": null, "hidden": false, "banned": false, "verified": false, "team_id": 6, "created": "2020-02-08T16:40:47.848077"}, {"id": 16, "oauth_id": null, "name": "JJake", "password": "$bcrypt-sha256$2b,12$Hakj8rSYSlRJKxwBBn3Sx.$Uc1ALu1ZmGMKsLHdCu5LqfGzF15PFdy", "email": "jacobjensen01@gmail.com", "type": "user", "secret": null, "website": null, "affiliation": null, "country": null, "bracket": null, "hidden": false, "banned": false, "verified": false, "team_id": 4, "created": "2020-02-08T16:40:48.190787"}, {"id": 17, "oauth_id": null, "name": "Kyle2", "password": "$bcrypt-sha256$2b,12$GaKDd/GNl8aEYyy9AR1tVO$6Pr4G6RLnwWtf0QyN8HEXzqDA7RjlAm", "email": "zambonikyle@gmail.com", "type": "user", "secret": null, "website": null, "affiliation": null, "country": null, "bracket": null, "hidden": false, "banned": false, "verified": false, "team_id": 4, "created": "2020-02-08T16:40:56.336142"}, {"id": 18, "oauth_id": null, "name": "Toast", "password": "$bcrypt-sha256$2b,12$/yr0RxromgS9ZmCu4ebNqe$.A3snhxKuPTbICrn8jtdq1aX.hMxVXK", "email": "jlunder@zagmail.gonzaga.edu", "type": "user", "secret": null, "website": null, "affiliation": null, "country": null, "bracket": null, "hidden": false, "banned": false, "verified": false, "team_id": 3, "created": "2020-02-08T16:40:57.198279"}, {"id": 19, "oauth_id": null, "name": "krisatris", "password": "$bcrypt-sha256$2b,12$V7pS8mNS.Xo/iSEt01HKm.$9AayWSTpTSuKhS3jprzlPiPT/iFNgxO", "email": "stella.beemer@gmail.com", "type": "user", "secret": null, "website": null, "affiliation": null, "country": null, "bracket": null, "hidden": false, "banned": false, "verified": false, "team_id": 3, "created": "2020-02-08T16:41:00.392683"}, {"id": 20, "oauth_id": null, "name": "lgc", "password": "$bcrypt-sha256$2b,12$funo.muJXDiUVAPMGCDGie$Dw3Z7SuAhg1tfT4seovZCyRVCDseuky", "email": "lgarcia-camargo@zagmail.gonzaga.com", "type": "user", "secret": null, "website": null, "affiliation": null, "country": null, "bracket": null, "hidden": false, "banned": false, "verified": false, "team_id": 3, "created": "2020-02-08T16:41:02.114250"}, {"id": 21, "oauth_id": null, "name": "MoBamba", "password": "$bcrypt-sha256$2b,12$.V4pWC2wilMT.D5Tfy9Y..$kkPz2v6RPvxWKb9RjjCA/URSPSFuwDq", "email": "gotgame6@msn.com", "type": "user", "secret": null, "website": null, "affiliation": "Red Robin... yuuuuuuuuuuuuuuuuummmmmmmmmmmmmmmmm", "country": "", "bracket": null, "hidden": false, "banned": false, "verified": false, "team_id": 2, "created": "2020-02-08T16:41:54.649970"}, {"id": 22, "oauth_id": null, "name": "JStreet", "password": "$bcrypt-sha256$2b,12$czYHkzccsZYdA9paPF2lQO$tQynM0XZSfuz0eA8N3NGXsBTrTvnsT.", "email": "jettstreet@gmail.com", "type": "user", "secret": null, "website": null, "affiliation": null, "country": null, "bracket": null, "hidden": false, "banned": false, "verified": false, "team_id": 6, "created": "2020-02-08T16:42:35.265341"}, {"id": 23, "oauth_id": null, "name": "99Shoguns", "password": "$bcrypt-sha256$2b,12$0yczTL1z0C50PHfeI69XNe$0lFjkjiMAAnVx93SO3TmxbagIG1wTDa", "email": "goshaughnessy23@my.whitworth.edu", "type": "user", "secret": null, "website": null, "affiliation": null, "country": null, "bracket": null, "hidden": false, "banned": false, "verified": false, "team_id": 2, "created": "2020-02-08T16:43:22.510482"}, {"id": 24, "oauth_id": null, "name": "squirrelboy", "password": "$bcrypt-sha256$2b,12$tGaCWXZj/5O9KqX2JLVOU.$VDe/8H3BwxK6bISpl9kWBd.9yh90Cca", "email": "brett.m.howard@hotmail.com", "type": "user", "secret": null, "website": null, "affiliation": null, "country": null, "bracket": null, "hidden": false, "banned": false, "verified": false, "team_id": 9, "created": "2020-02-08T16:44:31.347403"}, {"id": 25, "oauth_id": null, "name": "shazzahotpink", "password": "$bcrypt-sha256$2b,12$owF7tdGJrpqw6JBJcIDR8.$KRKhdmaLdQxPXvtJqZT.isxyChEfk9W", "email": "shazzahotpink@gmail.com", "type": "user", "secret": null, "website": null, "affiliation": null, "country": null, "bracket": null, "hidden": false, "banned": false, "verified": false, "team_id": 9, "created": "2020-02-08T16:44:43.357848"}, {"id": 26, "oauth_id": null, "name": "Allen Jones", "password": "$bcrypt-sha256$2b,12$0lqLorzfb1JjjxIcaWdsVO$hfxlI5vxT3/pTkZzfNppreaXbNjTDIC", "email": "jonesallencollege@gmail.com", "type": "user", "secret": null, "website": null, "affiliation": null, "country": null, "bracket": null, "hidden": false, "banned": false, "verified": false, "team_id": 6, "created": "2020-02-08T16:45:00.361901"}, {"id": 27, "oauth_id": null, "name": "markr", "password": "$bcrypt-sha256$2b,12$92fnjjqxn2Tf2qxxqNe5J.$1RwMycPSFLPzoBaLeQUAIRdGYq.5j7K", "email": "mail@markrogers.org", "type": "user", "secret": null, "website": null, "affiliation": null, "country": null, "bracket": null, "hidden": false, "banned": false, "verified": false, "team_id": 6, "created": "2020-02-08T16:45:04.572735"}, {"id": 28, "oauth_id": null, "name": "BeanBoy", "password": "$bcrypt-sha256$2b,12$CzOQjrVHMFH.Wkopw1U0W.$PSFb1s2x7PzDDSJZnLsIw.xH.AAdnVG", "email": "ct-5464@protonmail.com", "type": "user", "secret": null, "website": null, "affiliation": null, "country": null, "bracket": null, "hidden": false, "banned": false, "verified": false, "team_id": 9, "created": "2020-02-08T16:45:11.232714"}, {"id": 29, "oauth_id": null, "name": "Arystalla", "password": "$bcrypt-sha256$2b,12$yBX.VTbxnJz4pGGQPmcf0O$z5LqmuQRlorTXxdbZQT2etjyxHyvxOy", "email": "fenrisstargazer@gmail.com", "type": "user", "secret": null, "website": null, "affiliation": null, "country": null, "bracket": null, "hidden": false, "banned": false, "verified": false, "team_id": 6, "created": "2020-02-08T16:45:28.433703"}, {"id": 30, "oauth_id": null, "name": "MoBama2", "password": "$bcrypt-sha256$2b,12$nlKy8CqRrCLl6v6spmIP6.$2TuEGrZbl80vWdHpoXK7zF/XDs42s3a", "email": "scoring2win@live.com", "type": "user", "secret": null, "website": null, "affiliation": null, "country": null, "bracket": null, "hidden": false, "banned": false, "verified": false, "team_id": 2, "created": "2020-02-08T16:46:30.605721"}, {"id": 31, "oauth_id": null, "name": "Moondog1", "password": "$bcrypt-sha256$2b,12$6/vdSt2ZRSxCUp57q88u/e$mBI5a6lWaI/sj/7zjV7WsKvC0jHCjqm", "email": "nichopmooney@gmail.com", "type": "user", "secret": null, "website": null, "affiliation": null, "country": null, "bracket": null, "hidden": false, "banned": false, "verified": false, "team_id": 10, "created": "2020-02-08T16:51:31.853460"}, {"id": 32, "oauth_id": null, "name": "BoMambo", "password": "$bcrypt-sha256$2b,12$A7.e3/QLT9Zcr9LH37MXhO$mNqVMUSrsqnYZSu2/AMhpBgSh5c.nsm", "email": "ethanwolcott@gmail.com", "type": "user", "secret": null, "website": null, "affiliation": null, "country": null, "bracket": null, "hidden": false, "banned": false, "verified": false, "team_id": 2, "created": "2020-02-08T17:11:39.789191"}, {"id": 33, "oauth_id": null, "name": "Roman", "password": "$bcrypt-sha256$2b,12$SPKgo4PckanrPXv3peQzH.$l4MseGJNEV0DJ3/Mko7bPpn2x8sf4Jq", "email": "ramankrukovich@gmail.com", "type": "user", "secret": null, "website": null, "affiliation": null, "country": null, "bracket": null, "hidden": false, "banned": false, "verified": false, "team_id": 4, "created": "2020-02-08T17:13:39.180458"}], "meta": {}}